DateKey,Year,QuarterNumber,MonthNumber,MonthName,MonthShortName,DayOfMonth,DayOfWeek,DayName,WeekdayWeekend,IsUKBankHoliday,UKBankHoliday
10101,1,1,1,January,Jan,1,2,Tuesday,Weekday,No,Not applicable
99991231,9999,4,12,December,Dec,31,5,Friday,Weekday,No,Not applicable
20200101,2020,1,1,January,Jan,1,3,Wednesday,Weekday,Yes,New Year’s Day
20200102,2020,1,1,January,Jan,2,4,Thursday,Weekday,No,Not applicable
20200103,2020,1,1,January,Jan,3,5,Friday,Weekday,No,Not applicable
20200104,2020,1,1,January,Jan,4,6,Saturday,Weekend,No,Not applicable
20200105,2020,1,1,January,Jan,5,7,Sunday,Weekend,No,Not applicable
20200106,2020,1,1,January,Jan,6,1,Monday,Weekday,No,Not applicable
20200107,2020,1,1,January,Jan,7,2,Tuesday,Weekday,No,Not applicable
20200108,2020,1,1,January,Jan,8,3,Wednesday,Weekday,No,Not applicable
20200109,2020,1,1,January,Jan,9,4,Thursday,Weekday,No,Not applicable
20200110,2020,1,1,January,Jan,10,5,Friday,Weekday,No,Not applicable
20200111,2020,1,1,January,Jan,11,6,Saturday,Weekend,No,Not applicable
20200112,2020,1,1,January,Jan,12,7,Sunday,Weekend,No,Not applicable
20200113,2020,1,1,January,Jan,13,1,Monday,Weekday,No,Not applicable
20200114,2020,1,1,January,Jan,14,2,Tuesday,Weekday,No,Not applicable
20200115,2020,1,1,January,Jan,15,3,Wednesday,Weekday,No,Not applicable
20200116,2020,1,1,January,Jan,16,4,Thursday,Weekday,No,Not applicable
20200117,2020,1,1,January,Jan,17,5,Friday,Weekday,No,Not applicable
20200118,2020,1,1,January,Jan,18,6,Saturday,Weekend,No,Not applicable
20200119,2020,1,1,January,Jan,19,7,Sunday,Weekend,No,Not applicable
20200120,2020,1,1,January,Jan,20,1,Monday,Weekday,No,Not applicable
20200121,2020,1,1,January,Jan,21,2,Tuesday,Weekday,No,Not applicable
20200122,2020,1,1,January,Jan,22,3,Wednesday,Weekday,No,Not applicable
20200123,2020,1,1,January,Jan,23,4,Thursday,Weekday,No,Not applicable
20200124,2020,1,1,January,Jan,24,5,Friday,Weekday,No,Not applicable
20200125,2020,1,1,January,Jan,25,6,Saturday,Weekend,No,Not applicable
20200126,2020,1,1,January,Jan,26,7,Sunday,Weekend,No,Not applicable
20200127,2020,1,1,January,Jan,27,1,Monday,Weekday,No,Not applicable
20200128,2020,1,1,January,Jan,28,2,Tuesday,Weekday,No,Not applicable
20200129,2020,1,1,January,Jan,29,3,Wednesday,Weekday,No,Not applicable
20200130,2020,1,1,January,Jan,30,4,Thursday,Weekday,No,Not applicable
20200131,2020,1,1,January,Jan,31,5,Friday,Weekday,No,Not applicable
20200201,2020,1,2,February,Feb,1,6,Saturday,Weekend,No,Not applicable
20200202,2020,1,2,February,Feb,2,7,Sunday,Weekend,No,Not applicable
20200203,2020,1,2,February,Feb,3,1,Monday,Weekday,No,Not applicable
20200204,2020,1,2,February,Feb,4,2,Tuesday,Weekday,No,Not applicable
20200205,2020,1,2,February,Feb,5,3,Wednesday,Weekday,No,Not applicable
20200206,2020,1,2,February,Feb,6,4,Thursday,Weekday,No,Not applicable
20200207,2020,1,2,February,Feb,7,5,Friday,Weekday,No,Not applicable
20200208,2020,1,2,February,Feb,8,6,Saturday,Weekend,No,Not applicable
20200209,2020,1,2,February,Feb,9,7,Sunday,Weekend,No,Not applicable
20200210,2020,1,2,February,Feb,10,1,Monday,Weekday,No,Not applicable
20200211,2020,1,2,February,Feb,11,2,Tuesday,Weekday,No,Not applicable
20200212,2020,1,2,February,Feb,12,3,Wednesday,Weekday,No,Not applicable
20200213,2020,1,2,February,Feb,13,4,Thursday,Weekday,No,Not applicable
20200214,2020,1,2,February,Feb,14,5,Friday,Weekday,No,Not applicable
20200215,2020,1,2,February,Feb,15,6,Saturday,Weekend,No,Not applicable
20200216,2020,1,2,February,Feb,16,7,Sunday,Weekend,No,Not applicable
20200217,2020,1,2,February,Feb,17,1,Monday,Weekday,No,Not applicable
20200218,2020,1,2,February,Feb,18,2,Tuesday,Weekday,No,Not applicable
20200219,2020,1,2,February,Feb,19,3,Wednesday,Weekday,No,Not applicable
20200220,2020,1,2,February,Feb,20,4,Thursday,Weekday,No,Not applicable
20200221,2020,1,2,February,Feb,21,5,Friday,Weekday,No,Not applicable
20200222,2020,1,2,February,Feb,22,6,Saturday,Weekend,No,Not applicable
20200223,2020,1,2,February,Feb,23,7,Sunday,Weekend,No,Not applicable
20200224,2020,1,2,February,Feb,24,1,Monday,Weekday,No,Not applicable
20200225,2020,1,2,February,Feb,25,2,Tuesday,Weekday,No,Not applicable
20200226,2020,1,2,February,Feb,26,3,Wednesday,Weekday,No,Not applicable
20200227,2020,1,2,February,Feb,27,4,Thursday,Weekday,No,Not applicable
20200228,2020,1,2,February,Feb,28,5,Friday,Weekday,No,Not applicable
20200229,2020,1,2,February,Feb,29,6,Saturday,Weekend,No,Not applicable
20200301,2020,1,3,March,Mar,1,7,Sunday,Weekend,No,Not applicable
20200302,2020,1,3,March,Mar,2,1,Monday,Weekday,No,Not applicable
20200303,2020,1,3,March,Mar,3,2,Tuesday,Weekday,No,Not applicable
20200304,2020,1,3,March,Mar,4,3,Wednesday,Weekday,No,Not applicable
20200305,2020,1,3,March,Mar,5,4,Thursday,Weekday,No,Not applicable
20200306,2020,1,3,March,Mar,6,5,Friday,Weekday,No,Not applicable
20200307,2020,1,3,March,Mar,7,6,Saturday,Weekend,No,Not applicable
20200308,2020,1,3,March,Mar,8,7,Sunday,Weekend,No,Not applicable
20200309,2020,1,3,March,Mar,9,1,Monday,Weekday,No,Not applicable
20200310,2020,1,3,March,Mar,10,2,Tuesday,Weekday,No,Not applicable
20200311,2020,1,3,March,Mar,11,3,Wednesday,Weekday,No,Not applicable
20200312,2020,1,3,March,Mar,12,4,Thursday,Weekday,No,Not applicable
20200313,2020,1,3,March,Mar,13,5,Friday,Weekday,No,Not applicable
20200314,2020,1,3,March,Mar,14,6,Saturday,Weekend,No,Not applicable
20200315,2020,1,3,March,Mar,15,7,Sunday,Weekend,No,Not applicable
20200316,2020,1,3,March,Mar,16,1,Monday,Weekday,No,Not applicable
20200317,2020,1,3,March,Mar,17,2,Tuesday,Weekday,No,Not applicable
20200318,2020,1,3,March,Mar,18,3,Wednesday,Weekday,No,Not applicable
20200319,2020,1,3,March,Mar,19,4,Thursday,Weekday,No,Not applicable
20200320,2020,1,3,March,Mar,20,5,Friday,Weekday,No,Not applicable
20200321,2020,1,3,March,Mar,21,6,Saturday,Weekend,No,Not applicable
20200322,2020,1,3,March,Mar,22,7,Sunday,Weekend,No,Not applicable
20200323,2020,1,3,March,Mar,23,1,Monday,Weekday,No,Not applicable
20200324,2020,1,3,March,Mar,24,2,Tuesday,Weekday,No,Not applicable
20200325,2020,1,3,March,Mar,25,3,Wednesday,Weekday,No,Not applicable
20200326,2020,1,3,March,Mar,26,4,Thursday,Weekday,No,Not applicable
20200327,2020,1,3,March,Mar,27,5,Friday,Weekday,No,Not applicable
20200328,2020,1,3,March,Mar,28,6,Saturday,Weekend,No,Not applicable
20200329,2020,1,3,March,Mar,29,7,Sunday,Weekend,No,Not applicable
20200330,2020,1,3,March,Mar,30,1,Monday,Weekday,No,Not applicable
20200331,2020,1,3,March,Mar,31,2,Tuesday,Weekday,No,Not applicable
20200401,2020,2,4,April,Apr,1,3,Wednesday,Weekday,No,Not applicable
20200402,2020,2,4,April,Apr,2,4,Thursday,Weekday,No,Not applicable
20200403,2020,2,4,April,Apr,3,5,Friday,Weekday,No,Not applicable
20200404,2020,2,4,April,Apr,4,6,Saturday,Weekend,No,Not applicable
20200405,2020,2,4,April,Apr,5,7,Sunday,Weekend,No,Not applicable
20200406,2020,2,4,April,Apr,6,1,Monday,Weekday,No,Not applicable
20200407,2020,2,4,April,Apr,7,2,Tuesday,Weekday,No,Not applicable
20200408,2020,2,4,April,Apr,8,3,Wednesday,Weekday,No,Not applicable
20200409,2020,2,4,April,Apr,9,4,Thursday,Weekday,No,Not applicable
20200410,2020,2,4,April,Apr,10,5,Friday,Weekday,Yes,Good Friday
20200411,2020,2,4,April,Apr,11,6,Saturday,Weekend,No,Not applicable
20200412,2020,2,4,April,Apr,12,7,Sunday,Weekend,No,Not applicable
20200413,2020,2,4,April,Apr,13,1,Monday,Weekday,Yes,Easter Monday
20200414,2020,2,4,April,Apr,14,2,Tuesday,Weekday,No,Not applicable
20200415,2020,2,4,April,Apr,15,3,Wednesday,Weekday,No,Not applicable
20200416,2020,2,4,April,Apr,16,4,Thursday,Weekday,No,Not applicable
20200417,2020,2,4,April,Apr,17,5,Friday,Weekday,No,Not applicable
20200418,2020,2,4,April,Apr,18,6,Saturday,Weekend,No,Not applicable
20200419,2020,2,4,April,Apr,19,7,Sunday,Weekend,No,Not applicable
20200420,2020,2,4,April,Apr,20,1,Monday,Weekday,No,Not applicable
20200421,2020,2,4,April,Apr,21,2,Tuesday,Weekday,No,Not applicable
20200422,2020,2,4,April,Apr,22,3,Wednesday,Weekday,No,Not applicable
20200423,2020,2,4,April,Apr,23,4,Thursday,Weekday,No,Not applicable
20200424,2020,2,4,April,Apr,24,5,Friday,Weekday,No,Not applicable
20200425,2020,2,4,April,Apr,25,6,Saturday,Weekend,No,Not applicable
20200426,2020,2,4,April,Apr,26,7,Sunday,Weekend,No,Not applicable
20200427,2020,2,4,April,Apr,27,1,Monday,Weekday,No,Not applicable
20200428,2020,2,4,April,Apr,28,2,Tuesday,Weekday,No,Not applicable
20200429,2020,2,4,April,Apr,29,3,Wednesday,Weekday,No,Not applicable
20200430,2020,2,4,April,Apr,30,4,Thursday,Weekday,No,Not applicable
20200501,2020,2,5,May,May,1,5,Friday,Weekday,No,Not applicable
20200502,2020,2,5,May,May,2,6,Saturday,Weekend,No,Not applicable
20200503,2020,2,5,May,May,3,7,Sunday,Weekend,No,Not applicable
20200504,2020,2,5,May,May,4,1,Monday,Weekday,No,Not applicable
20200505,2020,2,5,May,May,5,2,Tuesday,Weekday,No,Not applicable
20200506,2020,2,5,May,May,6,3,Wednesday,Weekday,No,Not applicable
20200507,2020,2,5,May,May,7,4,Thursday,Weekday,No,Not applicable
20200508,2020,2,5,May,May,8,5,Friday,Weekday,Yes,Early May bank holiday (VE day)
20200509,2020,2,5,May,May,9,6,Saturday,Weekend,No,Not applicable
20200510,2020,2,5,May,May,10,7,Sunday,Weekend,No,Not applicable
20200511,2020,2,5,May,May,11,1,Monday,Weekday,No,Not applicable
20200512,2020,2,5,May,May,12,2,Tuesday,Weekday,No,Not applicable
20200513,2020,2,5,May,May,13,3,Wednesday,Weekday,No,Not applicable
20200514,2020,2,5,May,May,14,4,Thursday,Weekday,No,Not applicable
20200515,2020,2,5,May,May,15,5,Friday,Weekday,No,Not applicable
20200516,2020,2,5,May,May,16,6,Saturday,Weekend,No,Not applicable
20200517,2020,2,5,May,May,17,7,Sunday,Weekend,No,Not applicable
20200518,2020,2,5,May,May,18,1,Monday,Weekday,No,Not applicable
20200519,2020,2,5,May,May,19,2,Tuesday,Weekday,No,Not applicable
20200520,2020,2,5,May,May,20,3,Wednesday,Weekday,No,Not applicable
20200521,2020,2,5,May,May,21,4,Thursday,Weekday,No,Not applicable
20200522,2020,2,5,May,May,22,5,Friday,Weekday,No,Not applicable
20200523,2020,2,5,May,May,23,6,Saturday,Weekend,No,Not applicable
20200524,2020,2,5,May,May,24,7,Sunday,Weekend,No,Not applicable
20200525,2020,2,5,May,May,25,1,Monday,Weekday,Yes,Spring bank holiday
20200526,2020,2,5,May,May,26,2,Tuesday,Weekday,No,Not applicable
20200527,2020,2,5,May,May,27,3,Wednesday,Weekday,No,Not applicable
20200528,2020,2,5,May,May,28,4,Thursday,Weekday,No,Not applicable
20200529,2020,2,5,May,May,29,5,Friday,Weekday,No,Not applicable
20200530,2020,2,5,May,May,30,6,Saturday,Weekend,No,Not applicable
20200531,2020,2,5,May,May,31,7,Sunday,Weekend,No,Not applicable
20200601,2020,2,6,June,Jun,1,1,Monday,Weekday,No,Not applicable
20200602,2020,2,6,June,Jun,2,2,Tuesday,Weekday,No,Not applicable
20200603,2020,2,6,June,Jun,3,3,Wednesday,Weekday,No,Not applicable
20200604,2020,2,6,June,Jun,4,4,Thursday,Weekday,No,Not applicable
20200605,2020,2,6,June,Jun,5,5,Friday,Weekday,No,Not applicable
20200606,2020,2,6,June,Jun,6,6,Saturday,Weekend,No,Not applicable
20200607,2020,2,6,June,Jun,7,7,Sunday,Weekend,No,Not applicable
20200608,2020,2,6,June,Jun,8,1,Monday,Weekday,No,Not applicable
20200609,2020,2,6,June,Jun,9,2,Tuesday,Weekday,No,Not applicable
20200610,2020,2,6,June,Jun,10,3,Wednesday,Weekday,No,Not applicable
20200611,2020,2,6,June,Jun,11,4,Thursday,Weekday,No,Not applicable
20200612,2020,2,6,June,Jun,12,5,Friday,Weekday,No,Not applicable
20200613,2020,2,6,June,Jun,13,6,Saturday,Weekend,No,Not applicable
20200614,2020,2,6,June,Jun,14,7,Sunday,Weekend,No,Not applicable
20200615,2020,2,6,June,Jun,15,1,Monday,Weekday,No,Not applicable
20200616,2020,2,6,June,Jun,16,2,Tuesday,Weekday,No,Not applicable
20200617,2020,2,6,June,Jun,17,3,Wednesday,Weekday,No,Not applicable
20200618,2020,2,6,June,Jun,18,4,Thursday,Weekday,No,Not applicable
20200619,2020,2,6,June,Jun,19,5,Friday,Weekday,No,Not applicable
20200620,2020,2,6,June,Jun,20,6,Saturday,Weekend,No,Not applicable
20200621,2020,2,6,June,Jun,21,7,Sunday,Weekend,No,Not applicable
20200622,2020,2,6,June,Jun,22,1,Monday,Weekday,No,Not applicable
20200623,2020,2,6,June,Jun,23,2,Tuesday,Weekday,No,Not applicable
20200624,2020,2,6,June,Jun,24,3,Wednesday,Weekday,No,Not applicable
20200625,2020,2,6,June,Jun,25,4,Thursday,Weekday,No,Not applicable
20200626,2020,2,6,June,Jun,26,5,Friday,Weekday,No,Not applicable
20200627,2020,2,6,June,Jun,27,6,Saturday,Weekend,No,Not applicable
20200628,2020,2,6,June,Jun,28,7,Sunday,Weekend,No,Not applicable
20200629,2020,2,6,June,Jun,29,1,Monday,Weekday,No,Not applicable
20200630,2020,2,6,June,Jun,30,2,Tuesday,Weekday,No,Not applicable
20200701,2020,3,7,July,Jul,1,3,Wednesday,Weekday,No,Not applicable
20200702,2020,3,7,July,Jul,2,4,Thursday,Weekday,No,Not applicable
20200703,2020,3,7,July,Jul,3,5,Friday,Weekday,No,Not applicable
20200704,2020,3,7,July,Jul,4,6,Saturday,Weekend,No,Not applicable
20200705,2020,3,7,July,Jul,5,7,Sunday,Weekend,No,Not applicable
20200706,2020,3,7,July,Jul,6,1,Monday,Weekday,No,Not applicable
20200707,2020,3,7,July,Jul,7,2,Tuesday,Weekday,No,Not applicable
20200708,2020,3,7,July,Jul,8,3,Wednesday,Weekday,No,Not applicable
20200709,2020,3,7,July,Jul,9,4,Thursday,Weekday,No,Not applicable
20200710,2020,3,7,July,Jul,10,5,Friday,Weekday,No,Not applicable
20200711,2020,3,7,July,Jul,11,6,Saturday,Weekend,No,Not applicable
20200712,2020,3,7,July,Jul,12,7,Sunday,Weekend,No,Not applicable
20200713,2020,3,7,July,Jul,13,1,Monday,Weekday,No,Not applicable
20200714,2020,3,7,July,Jul,14,2,Tuesday,Weekday,No,Not applicable
20200715,2020,3,7,July,Jul,15,3,Wednesday,Weekday,No,Not applicable
20200716,2020,3,7,July,Jul,16,4,Thursday,Weekday,No,Not applicable
20200717,2020,3,7,July,Jul,17,5,Friday,Weekday,No,Not applicable
20200718,2020,3,7,July,Jul,18,6,Saturday,Weekend,No,Not applicable
20200719,2020,3,7,July,Jul,19,7,Sunday,Weekend,No,Not applicable
20200720,2020,3,7,July,Jul,20,1,Monday,Weekday,No,Not applicable
20200721,2020,3,7,July,Jul,21,2,Tuesday,Weekday,No,Not applicable
20200722,2020,3,7,July,Jul,22,3,Wednesday,Weekday,No,Not applicable
20200723,2020,3,7,July,Jul,23,4,Thursday,Weekday,No,Not applicable
20200724,2020,3,7,July,Jul,24,5,Friday,Weekday,No,Not applicable
20200725,2020,3,7,July,Jul,25,6,Saturday,Weekend,No,Not applicable
20200726,2020,3,7,July,Jul,26,7,Sunday,Weekend,No,Not applicable
20200727,2020,3,7,July,Jul,27,1,Monday,Weekday,No,Not applicable
20200728,2020,3,7,July,Jul,28,2,Tuesday,Weekday,No,Not applicable
20200729,2020,3,7,July,Jul,29,3,Wednesday,Weekday,No,Not applicable
20200730,2020,3,7,July,Jul,30,4,Thursday,Weekday,No,Not applicable
20200731,2020,3,7,July,Jul,31,5,Friday,Weekday,No,Not applicable
20200801,2020,3,8,August,Aug,1,6,Saturday,Weekend,No,Not applicable
20200802,2020,3,8,August,Aug,2,7,Sunday,Weekend,No,Not applicable
20200803,2020,3,8,August,Aug,3,1,Monday,Weekday,No,Not applicable
20200804,2020,3,8,August,Aug,4,2,Tuesday,Weekday,No,Not applicable
20200805,2020,3,8,August,Aug,5,3,Wednesday,Weekday,No,Not applicable
20200806,2020,3,8,August,Aug,6,4,Thursday,Weekday,No,Not applicable
20200807,2020,3,8,August,Aug,7,5,Friday,Weekday,No,Not applicable
20200808,2020,3,8,August,Aug,8,6,Saturday,Weekend,No,Not applicable
20200809,2020,3,8,August,Aug,9,7,Sunday,Weekend,No,Not applicable
20200810,2020,3,8,August,Aug,10,1,Monday,Weekday,No,Not applicable
20200811,2020,3,8,August,Aug,11,2,Tuesday,Weekday,No,Not applicable
20200812,2020,3,8,August,Aug,12,3,Wednesday,Weekday,No,Not applicable
20200813,2020,3,8,August,Aug,13,4,Thursday,Weekday,No,Not applicable
20200814,2020,3,8,August,Aug,14,5,Friday,Weekday,No,Not applicable
20200815,2020,3,8,August,Aug,15,6,Saturday,Weekend,No,Not applicable
20200816,2020,3,8,August,Aug,16,7,Sunday,Weekend,No,Not applicable
20200817,2020,3,8,August,Aug,17,1,Monday,Weekday,No,Not applicable
20200818,2020,3,8,August,Aug,18,2,Tuesday,Weekday,No,Not applicable
20200819,2020,3,8,August,Aug,19,3,Wednesday,Weekday,No,Not applicable
20200820,2020,3,8,August,Aug,20,4,Thursday,Weekday,No,Not applicable
20200821,2020,3,8,August,Aug,21,5,Friday,Weekday,No,Not applicable
20200822,2020,3,8,August,Aug,22,6,Saturday,Weekend,No,Not applicable
20200823,2020,3,8,August,Aug,23,7,Sunday,Weekend,No,Not applicable
20200824,2020,3,8,August,Aug,24,1,Monday,Weekday,No,Not applicable
20200825,2020,3,8,August,Aug,25,2,Tuesday,Weekday,No,Not applicable
20200826,2020,3,8,August,Aug,26,3,Wednesday,Weekday,No,Not applicable
20200827,2020,3,8,August,Aug,27,4,Thursday,Weekday,No,Not applicable
20200828,2020,3,8,August,Aug,28,5,Friday,Weekday,No,Not applicable
20200829,2020,3,8,August,Aug,29,6,Saturday,Weekend,No,Not applicable
20200830,2020,3,8,August,Aug,30,7,Sunday,Weekend,No,Not applicable
20200831,2020,3,8,August,Aug,31,1,Monday,Weekday,Yes,Summer bank holiday
20200901,2020,3,9,September,Sep,1,2,Tuesday,Weekday,No,Not applicable
20200902,2020,3,9,September,Sep,2,3,Wednesday,Weekday,No,Not applicable
20200903,2020,3,9,September,Sep,3,4,Thursday,Weekday,No,Not applicable
20200904,2020,3,9,September,Sep,4,5,Friday,Weekday,No,Not applicable
20200905,2020,3,9,September,Sep,5,6,Saturday,Weekend,No,Not applicable
20200906,2020,3,9,September,Sep,6,7,Sunday,Weekend,No,Not applicable
20200907,2020,3,9,September,Sep,7,1,Monday,Weekday,No,Not applicable
20200908,2020,3,9,September,Sep,8,2,Tuesday,Weekday,No,Not applicable
20200909,2020,3,9,September,Sep,9,3,Wednesday,Weekday,No,Not applicable
20200910,2020,3,9,September,Sep,10,4,Thursday,Weekday,No,Not applicable
20200911,2020,3,9,September,Sep,11,5,Friday,Weekday,No,Not applicable
20200912,2020,3,9,September,Sep,12,6,Saturday,Weekend,No,Not applicable
20200913,2020,3,9,September,Sep,13,7,Sunday,Weekend,No,Not applicable
20200914,2020,3,9,September,Sep,14,1,Monday,Weekday,No,Not applicable
20200915,2020,3,9,September,Sep,15,2,Tuesday,Weekday,No,Not applicable
20200916,2020,3,9,September,Sep,16,3,Wednesday,Weekday,No,Not applicable
20200917,2020,3,9,September,Sep,17,4,Thursday,Weekday,No,Not applicable
20200918,2020,3,9,September,Sep,18,5,Friday,Weekday,No,Not applicable
20200919,2020,3,9,September,Sep,19,6,Saturday,Weekend,No,Not applicable
20200920,2020,3,9,September,Sep,20,7,Sunday,Weekend,No,Not applicable
20200921,2020,3,9,September,Sep,21,1,Monday,Weekday,No,Not applicable
20200922,2020,3,9,September,Sep,22,2,Tuesday,Weekday,No,Not applicable
20200923,2020,3,9,September,Sep,23,3,Wednesday,Weekday,No,Not applicable
20200924,2020,3,9,September,Sep,24,4,Thursday,Weekday,No,Not applicable
20200925,2020,3,9,September,Sep,25,5,Friday,Weekday,No,Not applicable
20200926,2020,3,9,September,Sep,26,6,Saturday,Weekend,No,Not applicable
20200927,2020,3,9,September,Sep,27,7,Sunday,Weekend,No,Not applicable
20200928,2020,3,9,September,Sep,28,1,Monday,Weekday,No,Not applicable
20200929,2020,3,9,September,Sep,29,2,Tuesday,Weekday,No,Not applicable
20200930,2020,3,9,September,Sep,30,3,Wednesday,Weekday,No,Not applicable
20201001,2020,4,10,October,Oct,1,4,Thursday,Weekday,No,Not applicable
20201002,2020,4,10,October,Oct,2,5,Friday,Weekday,No,Not applicable
20201003,2020,4,10,October,Oct,3,6,Saturday,Weekend,No,Not applicable
20201004,2020,4,10,October,Oct,4,7,Sunday,Weekend,No,Not applicable
20201005,2020,4,10,October,Oct,5,1,Monday,Weekday,No,Not applicable
20201006,2020,4,10,October,Oct,6,2,Tuesday,Weekday,No,Not applicable
20201007,2020,4,10,October,Oct,7,3,Wednesday,Weekday,No,Not applicable
20201008,2020,4,10,October,Oct,8,4,Thursday,Weekday,No,Not applicable
20201009,2020,4,10,October,Oct,9,5,Friday,Weekday,No,Not applicable
20201010,2020,4,10,October,Oct,10,6,Saturday,Weekend,No,Not applicable
20201011,2020,4,10,October,Oct,11,7,Sunday,Weekend,No,Not applicable
20201012,2020,4,10,October,Oct,12,1,Monday,Weekday,No,Not applicable
20201013,2020,4,10,October,Oct,13,2,Tuesday,Weekday,No,Not applicable
20201014,2020,4,10,October,Oct,14,3,Wednesday,Weekday,No,Not applicable
20201015,2020,4,10,October,Oct,15,4,Thursday,Weekday,No,Not applicable
20201016,2020,4,10,October,Oct,16,5,Friday,Weekday,No,Not applicable
20201017,2020,4,10,October,Oct,17,6,Saturday,Weekend,No,Not applicable
20201018,2020,4,10,October,Oct,18,7,Sunday,Weekend,No,Not applicable
20201019,2020,4,10,October,Oct,19,1,Monday,Weekday,No,Not applicable
20201020,2020,4,10,October,Oct,20,2,Tuesday,Weekday,No,Not applicable
20201021,2020,4,10,October,Oct,21,3,Wednesday,Weekday,No,Not applicable
20201022,2020,4,10,October,Oct,22,4,Thursday,Weekday,No,Not applicable
20201023,2020,4,10,October,Oct,23,5,Friday,Weekday,No,Not applicable
20201024,2020,4,10,October,Oct,24,6,Saturday,Weekend,No,Not applicable
20201025,2020,4,10,October,Oct,25,7,Sunday,Weekend,No,Not applicable
20201026,2020,4,10,October,Oct,26,1,Monday,Weekday,No,Not applicable
20201027,2020,4,10,October,Oct,27,2,Tuesday,Weekday,No,Not applicable
20201028,2020,4,10,October,Oct,28,3,Wednesday,Weekday,No,Not applicable
20201029,2020,4,10,October,Oct,29,4,Thursday,Weekday,No,Not applicable
20201030,2020,4,10,October,Oct,30,5,Friday,Weekday,No,Not applicable
20201031,2020,4,10,October,Oct,31,6,Saturday,Weekend,No,Not applicable
20201101,2020,4,11,November,Nov,1,7,Sunday,Weekend,No,Not applicable
20201102,2020,4,11,November,Nov,2,1,Monday,Weekday,No,Not applicable
20201103,2020,4,11,November,Nov,3,2,Tuesday,Weekday,No,Not applicable
20201104,2020,4,11,November,Nov,4,3,Wednesday,Weekday,No,Not applicable
20201105,2020,4,11,November,Nov,5,4,Thursday,Weekday,No,Not applicable
20201106,2020,4,11,November,Nov,6,5,Friday,Weekday,No,Not applicable
20201107,2020,4,11,November,Nov,7,6,Saturday,Weekend,No,Not applicable
20201108,2020,4,11,November,Nov,8,7,Sunday,Weekend,No,Not applicable
20201109,2020,4,11,November,Nov,9,1,Monday,Weekday,No,Not applicable
20201110,2020,4,11,November,Nov,10,2,Tuesday,Weekday,No,Not applicable
20201111,2020,4,11,November,Nov,11,3,Wednesday,Weekday,No,Not applicable
20201112,2020,4,11,November,Nov,12,4,Thursday,Weekday,No,Not applicable
20201113,2020,4,11,November,Nov,13,5,Friday,Weekday,No,Not applicable
20201114,2020,4,11,November,Nov,14,6,Saturday,Weekend,No,Not applicable
20201115,2020,4,11,November,Nov,15,7,Sunday,Weekend,No,Not applicable
20201116,2020,4,11,November,Nov,16,1,Monday,Weekday,No,Not applicable
20201117,2020,4,11,November,Nov,17,2,Tuesday,Weekday,No,Not applicable
20201118,2020,4,11,November,Nov,18,3,Wednesday,Weekday,No,Not applicable
20201119,2020,4,11,November,Nov,19,4,Thursday,Weekday,No,Not applicable
20201120,2020,4,11,November,Nov,20,5,Friday,Weekday,No,Not applicable
20201121,2020,4,11,November,Nov,21,6,Saturday,Weekend,No,Not applicable
20201122,2020,4,11,November,Nov,22,7,Sunday,Weekend,No,Not applicable
20201123,2020,4,11,November,Nov,23,1,Monday,Weekday,No,Not applicable
20201124,2020,4,11,November,Nov,24,2,Tuesday,Weekday,No,Not applicable
20201125,2020,4,11,November,Nov,25,3,Wednesday,Weekday,No,Not applicable
20201126,2020,4,11,November,Nov,26,4,Thursday,Weekday,No,Not applicable
20201127,2020,4,11,November,Nov,27,5,Friday,Weekday,No,Not applicable
20201128,2020,4,11,November,Nov,28,6,Saturday,Weekend,No,Not applicable
20201129,2020,4,11,November,Nov,29,7,Sunday,Weekend,No,Not applicable
20201130,2020,4,11,November,Nov,30,1,Monday,Weekday,No,Not applicable
20201201,2020,4,12,December,Dec,1,2,Tuesday,Weekday,No,Not applicable
20201202,2020,4,12,December,Dec,2,3,Wednesday,Weekday,No,Not applicable
20201203,2020,4,12,December,Dec,3,4,Thursday,Weekday,No,Not applicable
20201204,2020,4,12,December,Dec,4,5,Friday,Weekday,No,Not applicable
20201205,2020,4,12,December,Dec,5,6,Saturday,Weekend,No,Not applicable
20201206,2020,4,12,December,Dec,6,7,Sunday,Weekend,No,Not applicable
20201207,2020,4,12,December,Dec,7,1,Monday,Weekday,No,Not applicable
20201208,2020,4,12,December,Dec,8,2,Tuesday,Weekday,No,Not applicable
20201209,2020,4,12,December,Dec,9,3,Wednesday,Weekday,No,Not applicable
20201210,2020,4,12,December,Dec,10,4,Thursday,Weekday,No,Not applicable
20201211,2020,4,12,December,Dec,11,5,Friday,Weekday,No,Not applicable
20201212,2020,4,12,December,Dec,12,6,Saturday,Weekend,No,Not applicable
20201213,2020,4,12,December,Dec,13,7,Sunday,Weekend,No,Not applicable
20201214,2020,4,12,December,Dec,14,1,Monday,Weekday,No,Not applicable
20201215,2020,4,12,December,Dec,15,2,Tuesday,Weekday,No,Not applicable
20201216,2020,4,12,December,Dec,16,3,Wednesday,Weekday,No,Not applicable
20201217,2020,4,12,December,Dec,17,4,Thursday,Weekday,No,Not applicable
20201218,2020,4,12,December,Dec,18,5,Friday,Weekday,No,Not applicable
20201219,2020,4,12,December,Dec,19,6,Saturday,Weekend,No,Not applicable
20201220,2020,4,12,December,Dec,20,7,Sunday,Weekend,No,Not applicable
20201221,2020,4,12,December,Dec,21,1,Monday,Weekday,No,Not applicable
20201222,2020,4,12,December,Dec,22,2,Tuesday,Weekday,No,Not applicable
20201223,2020,4,12,December,Dec,23,3,Wednesday,Weekday,No,Not applicable
20201224,2020,4,12,December,Dec,24,4,Thursday,Weekday,No,Not applicable
20201225,2020,4,12,December,Dec,25,5,Friday,Weekday,Yes,Christmas Day
20201226,2020,4,12,December,Dec,26,6,Saturday,Weekend,No,Not applicable
20201227,2020,4,12,December,Dec,27,7,Sunday,Weekend,No,Not applicable
20201228,2020,4,12,December,Dec,28,1,Monday,Weekday,Yes,Boxing Day
20201229,2020,4,12,December,Dec,29,2,Tuesday,Weekday,No,Not applicable
20201230,2020,4,12,December,Dec,30,3,Wednesday,Weekday,No,Not applicable
20201231,2020,4,12,December,Dec,31,4,Thursday,Weekday,No,Not applicable
20210101,2021,1,1,January,Jan,1,5,Friday,Weekday,Yes,New Year’s Day
20210102,2021,1,1,January,Jan,2,6,Saturday,Weekend,No,Not applicable
20210103,2021,1,1,January,Jan,3,7,Sunday,Weekend,No,Not applicable
20210104,2021,1,1,January,Jan,4,1,Monday,Weekday,No,Not applicable
20210105,2021,1,1,January,Jan,5,2,Tuesday,Weekday,No,Not applicable
20210106,2021,1,1,January,Jan,6,3,Wednesday,Weekday,No,Not applicable
20210107,2021,1,1,January,Jan,7,4,Thursday,Weekday,No,Not applicable
20210108,2021,1,1,January,Jan,8,5,Friday,Weekday,No,Not applicable
20210109,2021,1,1,January,Jan,9,6,Saturday,Weekend,No,Not applicable
20210110,2021,1,1,January,Jan,10,7,Sunday,Weekend,No,Not applicable
20210111,2021,1,1,January,Jan,11,1,Monday,Weekday,No,Not applicable
20210112,2021,1,1,January,Jan,12,2,Tuesday,Weekday,No,Not applicable
20210113,2021,1,1,January,Jan,13,3,Wednesday,Weekday,No,Not applicable
20210114,2021,1,1,January,Jan,14,4,Thursday,Weekday,No,Not applicable
20210115,2021,1,1,January,Jan,15,5,Friday,Weekday,No,Not applicable
20210116,2021,1,1,January,Jan,16,6,Saturday,Weekend,No,Not applicable
20210117,2021,1,1,January,Jan,17,7,Sunday,Weekend,No,Not applicable
20210118,2021,1,1,January,Jan,18,1,Monday,Weekday,No,Not applicable
20210119,2021,1,1,January,Jan,19,2,Tuesday,Weekday,No,Not applicable
20210120,2021,1,1,January,Jan,20,3,Wednesday,Weekday,No,Not applicable
20210121,2021,1,1,January,Jan,21,4,Thursday,Weekday,No,Not applicable
20210122,2021,1,1,January,Jan,22,5,Friday,Weekday,No,Not applicable
20210123,2021,1,1,January,Jan,23,6,Saturday,Weekend,No,Not applicable
20210124,2021,1,1,January,Jan,24,7,Sunday,Weekend,No,Not applicable
20210125,2021,1,1,January,Jan,25,1,Monday,Weekday,No,Not applicable
20210126,2021,1,1,January,Jan,26,2,Tuesday,Weekday,No,Not applicable
20210127,2021,1,1,January,Jan,27,3,Wednesday,Weekday,No,Not applicable
20210128,2021,1,1,January,Jan,28,4,Thursday,Weekday,No,Not applicable
20210129,2021,1,1,January,Jan,29,5,Friday,Weekday,No,Not applicable
20210130,2021,1,1,January,Jan,30,6,Saturday,Weekend,No,Not applicable
20210131,2021,1,1,January,Jan,31,7,Sunday,Weekend,No,Not applicable
20210201,2021,1,2,February,Feb,1,1,Monday,Weekday,No,Not applicable
20210202,2021,1,2,February,Feb,2,2,Tuesday,Weekday,No,Not applicable
20210203,2021,1,2,February,Feb,3,3,Wednesday,Weekday,No,Not applicable
20210204,2021,1,2,February,Feb,4,4,Thursday,Weekday,No,Not applicable
20210205,2021,1,2,February,Feb,5,5,Friday,Weekday,No,Not applicable
20210206,2021,1,2,February,Feb,6,6,Saturday,Weekend,No,Not applicable
20210207,2021,1,2,February,Feb,7,7,Sunday,Weekend,No,Not applicable
20210208,2021,1,2,February,Feb,8,1,Monday,Weekday,No,Not applicable
20210209,2021,1,2,February,Feb,9,2,Tuesday,Weekday,No,Not applicable
20210210,2021,1,2,February,Feb,10,3,Wednesday,Weekday,No,Not applicable
20210211,2021,1,2,February,Feb,11,4,Thursday,Weekday,No,Not applicable
20210212,2021,1,2,February,Feb,12,5,Friday,Weekday,No,Not applicable
20210213,2021,1,2,February,Feb,13,6,Saturday,Weekend,No,Not applicable
20210214,2021,1,2,February,Feb,14,7,Sunday,Weekend,No,Not applicable
20210215,2021,1,2,February,Feb,15,1,Monday,Weekday,No,Not applicable
20210216,2021,1,2,February,Feb,16,2,Tuesday,Weekday,No,Not applicable
20210217,2021,1,2,February,Feb,17,3,Wednesday,Weekday,No,Not applicable
20210218,2021,1,2,February,Feb,18,4,Thursday,Weekday,No,Not applicable
20210219,2021,1,2,February,Feb,19,5,Friday,Weekday,No,Not applicable
20210220,2021,1,2,February,Feb,20,6,Saturday,Weekend,No,Not applicable
20210221,2021,1,2,February,Feb,21,7,Sunday,Weekend,No,Not applicable
20210222,2021,1,2,February,Feb,22,1,Monday,Weekday,No,Not applicable
20210223,2021,1,2,February,Feb,23,2,Tuesday,Weekday,No,Not applicable
20210224,2021,1,2,February,Feb,24,3,Wednesday,Weekday,No,Not applicable
20210225,2021,1,2,February,Feb,25,4,Thursday,Weekday,No,Not applicable
20210226,2021,1,2,February,Feb,26,5,Friday,Weekday,No,Not applicable
20210227,2021,1,2,February,Feb,27,6,Saturday,Weekend,No,Not applicable
20210228,2021,1,2,February,Feb,28,7,Sunday,Weekend,No,Not applicable
20210301,2021,1,3,March,Mar,1,1,Monday,Weekday,No,Not applicable
20210302,2021,1,3,March,Mar,2,2,Tuesday,Weekday,No,Not applicable
20210303,2021,1,3,March,Mar,3,3,Wednesday,Weekday,No,Not applicable
20210304,2021,1,3,March,Mar,4,4,Thursday,Weekday,No,Not applicable
20210305,2021,1,3,March,Mar,5,5,Friday,Weekday,No,Not applicable
20210306,2021,1,3,March,Mar,6,6,Saturday,Weekend,No,Not applicable
20210307,2021,1,3,March,Mar,7,7,Sunday,Weekend,No,Not applicable
20210308,2021,1,3,March,Mar,8,1,Monday,Weekday,No,Not applicable
20210309,2021,1,3,March,Mar,9,2,Tuesday,Weekday,No,Not applicable
20210310,2021,1,3,March,Mar,10,3,Wednesday,Weekday,No,Not applicable
20210311,2021,1,3,March,Mar,11,4,Thursday,Weekday,No,Not applicable
20210312,2021,1,3,March,Mar,12,5,Friday,Weekday,No,Not applicable
20210313,2021,1,3,March,Mar,13,6,Saturday,Weekend,No,Not applicable
20210314,2021,1,3,March,Mar,14,7,Sunday,Weekend,No,Not applicable
20210315,2021,1,3,March,Mar,15,1,Monday,Weekday,No,Not applicable
20210316,2021,1,3,March,Mar,16,2,Tuesday,Weekday,No,Not applicable
20210317,2021,1,3,March,Mar,17,3,Wednesday,Weekday,No,Not applicable
20210318,2021,1,3,March,Mar,18,4,Thursday,Weekday,No,Not applicable
20210319,2021,1,3,March,Mar,19,5,Friday,Weekday,No,Not applicable
20210320,2021,1,3,March,Mar,20,6,Saturday,Weekend,No,Not applicable
20210321,2021,1,3,March,Mar,21,7,Sunday,Weekend,No,Not applicable
20210322,2021,1,3,March,Mar,22,1,Monday,Weekday,No,Not applicable
20210323,2021,1,3,March,Mar,23,2,Tuesday,Weekday,No,Not applicable
20210324,2021,1,3,March,Mar,24,3,Wednesday,Weekday,No,Not applicable
20210325,2021,1,3,March,Mar,25,4,Thursday,Weekday,No,Not applicable
20210326,2021,1,3,March,Mar,26,5,Friday,Weekday,No,Not applicable
20210327,2021,1,3,March,Mar,27,6,Saturday,Weekend,No,Not applicable
20210328,2021,1,3,March,Mar,28,7,Sunday,Weekend,No,Not applicable
20210329,2021,1,3,March,Mar,29,1,Monday,Weekday,No,Not applicable
20210330,2021,1,3,March,Mar,30,2,Tuesday,Weekday,No,Not applicable
20210331,2021,1,3,March,Mar,31,3,Wednesday,Weekday,No,Not applicable
20210401,2021,2,4,April,Apr,1,4,Thursday,Weekday,No,Not applicable
20210402,2021,2,4,April,Apr,2,5,Friday,Weekday,Yes,Good Friday
20210403,2021,2,4,April,Apr,3,6,Saturday,Weekend,No,Not applicable
20210404,2021,2,4,April,Apr,4,7,Sunday,Weekend,No,Not applicable
20210405,2021,2,4,April,Apr,5,1,Monday,Weekday,Yes,Easter Monday
20210406,2021,2,4,April,Apr,6,2,Tuesday,Weekday,No,Not applicable
20210407,2021,2,4,April,Apr,7,3,Wednesday,Weekday,No,Not applicable
20210408,2021,2,4,April,Apr,8,4,Thursday,Weekday,No,Not applicable
20210409,2021,2,4,April,Apr,9,5,Friday,Weekday,No,Not applicable
20210410,2021,2,4,April,Apr,10,6,Saturday,Weekend,No,Not applicable
20210411,2021,2,4,April,Apr,11,7,Sunday,Weekend,No,Not applicable
20210412,2021,2,4,April,Apr,12,1,Monday,Weekday,No,Not applicable
20210413,2021,2,4,April,Apr,13,2,Tuesday,Weekday,No,Not applicable
20210414,2021,2,4,April,Apr,14,3,Wednesday,Weekday,No,Not applicable
20210415,2021,2,4,April,Apr,15,4,Thursday,Weekday,No,Not applicable
20210416,2021,2,4,April,Apr,16,5,Friday,Weekday,No,Not applicable
20210417,2021,2,4,April,Apr,17,6,Saturday,Weekend,No,Not applicable
20210418,2021,2,4,April,Apr,18,7,Sunday,Weekend,No,Not applicable
20210419,2021,2,4,April,Apr,19,1,Monday,Weekday,No,Not applicable
20210420,2021,2,4,April,Apr,20,2,Tuesday,Weekday,No,Not applicable
20210421,2021,2,4,April,Apr,21,3,Wednesday,Weekday,No,Not applicable
20210422,2021,2,4,April,Apr,22,4,Thursday,Weekday,No,Not applicable
20210423,2021,2,4,April,Apr,23,5,Friday,Weekday,No,Not applicable
20210424,2021,2,4,April,Apr,24,6,Saturday,Weekend,No,Not applicable
20210425,2021,2,4,April,Apr,25,7,Sunday,Weekend,No,Not applicable
20210426,2021,2,4,April,Apr,26,1,Monday,Weekday,No,Not applicable
20210427,2021,2,4,April,Apr,27,2,Tuesday,Weekday,No,Not applicable
20210428,2021,2,4,April,Apr,28,3,Wednesday,Weekday,No,Not applicable
20210429,2021,2,4,April,Apr,29,4,Thursday,Weekday,No,Not applicable
20210430,2021,2,4,April,Apr,30,5,Friday,Weekday,No,Not applicable
20210501,2021,2,5,May,May,1,6,Saturday,Weekend,No,Not applicable
20210502,2021,2,5,May,May,2,7,Sunday,Weekend,No,Not applicable
20210503,2021,2,5,May,May,3,1,Monday,Weekday,Yes,Early May bank holiday
20210504,2021,2,5,May,May,4,2,Tuesday,Weekday,No,Not applicable
20210505,2021,2,5,May,May,5,3,Wednesday,Weekday,No,Not applicable
20210506,2021,2,5,May,May,6,4,Thursday,Weekday,No,Not applicable
20210507,2021,2,5,May,May,7,5,Friday,Weekday,No,Not applicable
20210508,2021,2,5,May,May,8,6,Saturday,Weekend,No,Not applicable
20210509,2021,2,5,May,May,9,7,Sunday,Weekend,No,Not applicable
20210510,2021,2,5,May,May,10,1,Monday,Weekday,No,Not applicable
20210511,2021,2,5,May,May,11,2,Tuesday,Weekday,No,Not applicable
20210512,2021,2,5,May,May,12,3,Wednesday,Weekday,No,Not applicable
20210513,2021,2,5,May,May,13,4,Thursday,Weekday,No,Not applicable
20210514,2021,2,5,May,May,14,5,Friday,Weekday,No,Not applicable
20210515,2021,2,5,May,May,15,6,Saturday,Weekend,No,Not applicable
20210516,2021,2,5,May,May,16,7,Sunday,Weekend,No,Not applicable
20210517,2021,2,5,May,May,17,1,Monday,Weekday,No,Not applicable
20210518,2021,2,5,May,May,18,2,Tuesday,Weekday,No,Not applicable
20210519,2021,2,5,May,May,19,3,Wednesday,Weekday,No,Not applicable
20210520,2021,2,5,May,May,20,4,Thursday,Weekday,No,Not applicable
20210521,2021,2,5,May,May,21,5,Friday,Weekday,No,Not applicable
20210522,2021,2,5,May,May,22,6,Saturday,Weekend,No,Not applicable
20210523,2021,2,5,May,May,23,7,Sunday,Weekend,No,Not applicable
20210524,2021,2,5,May,May,24,1,Monday,Weekday,No,Not applicable
20210525,2021,2,5,May,May,25,2,Tuesday,Weekday,No,Not applicable
20210526,2021,2,5,May,May,26,3,Wednesday,Weekday,No,Not applicable
20210527,2021,2,5,May,May,27,4,Thursday,Weekday,No,Not applicable
20210528,2021,2,5,May,May,28,5,Friday,Weekday,No,Not applicable
20210529,2021,2,5,May,May,29,6,Saturday,Weekend,No,Not applicable
20210530,2021,2,5,May,May,30,7,Sunday,Weekend,No,Not applicable
20210531,2021,2,5,May,May,31,1,Monday,Weekday,Yes,Spring bank holiday
20210601,2021,2,6,June,Jun,1,2,Tuesday,Weekday,No,Not applicable
20210602,2021,2,6,June,Jun,2,3,Wednesday,Weekday,No,Not applicable
20210603,2021,2,6,June,Jun,3,4,Thursday,Weekday,No,Not applicable
20210604,2021,2,6,June,Jun,4,5,Friday,Weekday,No,Not applicable
20210605,2021,2,6,June,Jun,5,6,Saturday,Weekend,No,Not applicable
20210606,2021,2,6,June,Jun,6,7,Sunday,Weekend,No,Not applicable
20210607,2021,2,6,June,Jun,7,1,Monday,Weekday,No,Not applicable
20210608,2021,2,6,June,Jun,8,2,Tuesday,Weekday,No,Not applicable
20210609,2021,2,6,June,Jun,9,3,Wednesday,Weekday,No,Not applicable
20210610,2021,2,6,June,Jun,10,4,Thursday,Weekday,No,Not applicable
20210611,2021,2,6,June,Jun,11,5,Friday,Weekday,No,Not applicable
20210612,2021,2,6,June,Jun,12,6,Saturday,Weekend,No,Not applicable
20210613,2021,2,6,June,Jun,13,7,Sunday,Weekend,No,Not applicable
20210614,2021,2,6,June,Jun,14,1,Monday,Weekday,No,Not applicable
20210615,2021,2,6,June,Jun,15,2,Tuesday,Weekday,No,Not applicable
20210616,2021,2,6,June,Jun,16,3,Wednesday,Weekday,No,Not applicable
20210617,2021,2,6,June,Jun,17,4,Thursday,Weekday,No,Not applicable
20210618,2021,2,6,June,Jun,18,5,Friday,Weekday,No,Not applicable
20210619,2021,2,6,June,Jun,19,6,Saturday,Weekend,No,Not applicable
20210620,2021,2,6,June,Jun,20,7,Sunday,Weekend,No,Not applicable
20210621,2021,2,6,June,Jun,21,1,Monday,Weekday,No,Not applicable
20210622,2021,2,6,June,Jun,22,2,Tuesday,Weekday,No,Not applicable
20210623,2021,2,6,June,Jun,23,3,Wednesday,Weekday,No,Not applicable
20210624,2021,2,6,June,Jun,24,4,Thursday,Weekday,No,Not applicable
20210625,2021,2,6,June,Jun,25,5,Friday,Weekday,No,Not applicable
20210626,2021,2,6,June,Jun,26,6,Saturday,Weekend,No,Not applicable
20210627,2021,2,6,June,Jun,27,7,Sunday,Weekend,No,Not applicable
20210628,2021,2,6,June,Jun,28,1,Monday,Weekday,No,Not applicable
20210629,2021,2,6,June,Jun,29,2,Tuesday,Weekday,No,Not applicable
20210630,2021,2,6,June,Jun,30,3,Wednesday,Weekday,No,Not applicable
20210701,2021,3,7,July,Jul,1,4,Thursday,Weekday,No,Not applicable
20210702,2021,3,7,July,Jul,2,5,Friday,Weekday,No,Not applicable
20210703,2021,3,7,July,Jul,3,6,Saturday,Weekend,No,Not applicable
20210704,2021,3,7,July,Jul,4,7,Sunday,Weekend,No,Not applicable
20210705,2021,3,7,July,Jul,5,1,Monday,Weekday,No,Not applicable
20210706,2021,3,7,July,Jul,6,2,Tuesday,Weekday,No,Not applicable
20210707,2021,3,7,July,Jul,7,3,Wednesday,Weekday,No,Not applicable
20210708,2021,3,7,July,Jul,8,4,Thursday,Weekday,No,Not applicable
20210709,2021,3,7,July,Jul,9,5,Friday,Weekday,No,Not applicable
20210710,2021,3,7,July,Jul,10,6,Saturday,Weekend,No,Not applicable
20210711,2021,3,7,July,Jul,11,7,Sunday,Weekend,No,Not applicable
20210712,2021,3,7,July,Jul,12,1,Monday,Weekday,No,Not applicable
20210713,2021,3,7,July,Jul,13,2,Tuesday,Weekday,No,Not applicable
20210714,2021,3,7,July,Jul,14,3,Wednesday,Weekday,No,Not applicable
20210715,2021,3,7,July,Jul,15,4,Thursday,Weekday,No,Not applicable
20210716,2021,3,7,July,Jul,16,5,Friday,Weekday,No,Not applicable
20210717,2021,3,7,July,Jul,17,6,Saturday,Weekend,No,Not applicable
20210718,2021,3,7,July,Jul,18,7,Sunday,Weekend,No,Not applicable
20210719,2021,3,7,July,Jul,19,1,Monday,Weekday,No,Not applicable
20210720,2021,3,7,July,Jul,20,2,Tuesday,Weekday,No,Not applicable
20210721,2021,3,7,July,Jul,21,3,Wednesday,Weekday,No,Not applicable
20210722,2021,3,7,July,Jul,22,4,Thursday,Weekday,No,Not applicable
20210723,2021,3,7,July,Jul,23,5,Friday,Weekday,No,Not applicable
20210724,2021,3,7,July,Jul,24,6,Saturday,Weekend,No,Not applicable
20210725,2021,3,7,July,Jul,25,7,Sunday,Weekend,No,Not applicable
20210726,2021,3,7,July,Jul,26,1,Monday,Weekday,No,Not applicable
20210727,2021,3,7,July,Jul,27,2,Tuesday,Weekday,No,Not applicable
20210728,2021,3,7,July,Jul,28,3,Wednesday,Weekday,No,Not applicable
20210729,2021,3,7,July,Jul,29,4,Thursday,Weekday,No,Not applicable
20210730,2021,3,7,July,Jul,30,5,Friday,Weekday,No,Not applicable
20210731,2021,3,7,July,Jul,31,6,Saturday,Weekend,No,Not applicable
20210801,2021,3,8,August,Aug,1,7,Sunday,Weekend,No,Not applicable
20210802,2021,3,8,August,Aug,2,1,Monday,Weekday,No,Not applicable
20210803,2021,3,8,August,Aug,3,2,Tuesday,Weekday,No,Not applicable
20210804,2021,3,8,August,Aug,4,3,Wednesday,Weekday,No,Not applicable
20210805,2021,3,8,August,Aug,5,4,Thursday,Weekday,No,Not applicable
20210806,2021,3,8,August,Aug,6,5,Friday,Weekday,No,Not applicable
20210807,2021,3,8,August,Aug,7,6,Saturday,Weekend,No,Not applicable
20210808,2021,3,8,August,Aug,8,7,Sunday,Weekend,No,Not applicable
20210809,2021,3,8,August,Aug,9,1,Monday,Weekday,No,Not applicable
20210810,2021,3,8,August,Aug,10,2,Tuesday,Weekday,No,Not applicable
20210811,2021,3,8,August,Aug,11,3,Wednesday,Weekday,No,Not applicable
20210812,2021,3,8,August,Aug,12,4,Thursday,Weekday,No,Not applicable
20210813,2021,3,8,August,Aug,13,5,Friday,Weekday,No,Not applicable
20210814,2021,3,8,August,Aug,14,6,Saturday,Weekend,No,Not applicable
20210815,2021,3,8,August,Aug,15,7,Sunday,Weekend,No,Not applicable
20210816,2021,3,8,August,Aug,16,1,Monday,Weekday,No,Not applicable
20210817,2021,3,8,August,Aug,17,2,Tuesday,Weekday,No,Not applicable
20210818,2021,3,8,August,Aug,18,3,Wednesday,Weekday,No,Not applicable
20210819,2021,3,8,August,Aug,19,4,Thursday,Weekday,No,Not applicable
20210820,2021,3,8,August,Aug,20,5,Friday,Weekday,No,Not applicable
20210821,2021,3,8,August,Aug,21,6,Saturday,Weekend,No,Not applicable
20210822,2021,3,8,August,Aug,22,7,Sunday,Weekend,No,Not applicable
20210823,2021,3,8,August,Aug,23,1,Monday,Weekday,No,Not applicable
20210824,2021,3,8,August,Aug,24,2,Tuesday,Weekday,No,Not applicable
20210825,2021,3,8,August,Aug,25,3,Wednesday,Weekday,No,Not applicable
20210826,2021,3,8,August,Aug,26,4,Thursday,Weekday,No,Not applicable
20210827,2021,3,8,August,Aug,27,5,Friday,Weekday,No,Not applicable
20210828,2021,3,8,August,Aug,28,6,Saturday,Weekend,No,Not applicable
20210829,2021,3,8,August,Aug,29,7,Sunday,Weekend,No,Not applicable
20210830,2021,3,8,August,Aug,30,1,Monday,Weekday,Yes,Summer bank holiday
20210831,2021,3,8,August,Aug,31,2,Tuesday,Weekday,No,Not applicable
20210901,2021,3,9,September,Sep,1,3,Wednesday,Weekday,No,Not applicable
20210902,2021,3,9,September,Sep,2,4,Thursday,Weekday,No,Not applicable
20210903,2021,3,9,September,Sep,3,5,Friday,Weekday,No,Not applicable
20210904,2021,3,9,September,Sep,4,6,Saturday,Weekend,No,Not applicable
20210905,2021,3,9,September,Sep,5,7,Sunday,Weekend,No,Not applicable
20210906,2021,3,9,September,Sep,6,1,Monday,Weekday,No,Not applicable
20210907,2021,3,9,September,Sep,7,2,Tuesday,Weekday,No,Not applicable
20210908,2021,3,9,September,Sep,8,3,Wednesday,Weekday,No,Not applicable
20210909,2021,3,9,September,Sep,9,4,Thursday,Weekday,No,Not applicable
20210910,2021,3,9,September,Sep,10,5,Friday,Weekday,No,Not applicable
20210911,2021,3,9,September,Sep,11,6,Saturday,Weekend,No,Not applicable
20210912,2021,3,9,September,Sep,12,7,Sunday,Weekend,No,Not applicable
20210913,2021,3,9,September,Sep,13,1,Monday,Weekday,No,Not applicable
20210914,2021,3,9,September,Sep,14,2,Tuesday,Weekday,No,Not applicable
20210915,2021,3,9,September,Sep,15,3,Wednesday,Weekday,No,Not applicable
20210916,2021,3,9,September,Sep,16,4,Thursday,Weekday,No,Not applicable
20210917,2021,3,9,September,Sep,17,5,Friday,Weekday,No,Not applicable
20210918,2021,3,9,September,Sep,18,6,Saturday,Weekend,No,Not applicable
20210919,2021,3,9,September,Sep,19,7,Sunday,Weekend,No,Not applicable
20210920,2021,3,9,September,Sep,20,1,Monday,Weekday,No,Not applicable
20210921,2021,3,9,September,Sep,21,2,Tuesday,Weekday,No,Not applicable
20210922,2021,3,9,September,Sep,22,3,Wednesday,Weekday,No,Not applicable
20210923,2021,3,9,September,Sep,23,4,Thursday,Weekday,No,Not applicable
20210924,2021,3,9,September,Sep,24,5,Friday,Weekday,No,Not applicable
20210925,2021,3,9,September,Sep,25,6,Saturday,Weekend,No,Not applicable
20210926,2021,3,9,September,Sep,26,7,Sunday,Weekend,No,Not applicable
20210927,2021,3,9,September,Sep,27,1,Monday,Weekday,No,Not applicable
20210928,2021,3,9,September,Sep,28,2,Tuesday,Weekday,No,Not applicable
20210929,2021,3,9,September,Sep,29,3,Wednesday,Weekday,No,Not applicable
20210930,2021,3,9,September,Sep,30,4,Thursday,Weekday,No,Not applicable
20211001,2021,4,10,October,Oct,1,5,Friday,Weekday,No,Not applicable
20211002,2021,4,10,October,Oct,2,6,Saturday,Weekend,No,Not applicable
20211003,2021,4,10,October,Oct,3,7,Sunday,Weekend,No,Not applicable
20211004,2021,4,10,October,Oct,4,1,Monday,Weekday,No,Not applicable
20211005,2021,4,10,October,Oct,5,2,Tuesday,Weekday,No,Not applicable
20211006,2021,4,10,October,Oct,6,3,Wednesday,Weekday,No,Not applicable
20211007,2021,4,10,October,Oct,7,4,Thursday,Weekday,No,Not applicable
20211008,2021,4,10,October,Oct,8,5,Friday,Weekday,No,Not applicable
20211009,2021,4,10,October,Oct,9,6,Saturday,Weekend,No,Not applicable
20211010,2021,4,10,October,Oct,10,7,Sunday,Weekend,No,Not applicable
20211011,2021,4,10,October,Oct,11,1,Monday,Weekday,No,Not applicable
20211012,2021,4,10,October,Oct,12,2,Tuesday,Weekday,No,Not applicable
20211013,2021,4,10,October,Oct,13,3,Wednesday,Weekday,No,Not applicable
20211014,2021,4,10,October,Oct,14,4,Thursday,Weekday,No,Not applicable
20211015,2021,4,10,October,Oct,15,5,Friday,Weekday,No,Not applicable
20211016,2021,4,10,October,Oct,16,6,Saturday,Weekend,No,Not applicable
20211017,2021,4,10,October,Oct,17,7,Sunday,Weekend,No,Not applicable
20211018,2021,4,10,October,Oct,18,1,Monday,Weekday,No,Not applicable
20211019,2021,4,10,October,Oct,19,2,Tuesday,Weekday,No,Not applicable
20211020,2021,4,10,October,Oct,20,3,Wednesday,Weekday,No,Not applicable
20211021,2021,4,10,October,Oct,21,4,Thursday,Weekday,No,Not applicable
20211022,2021,4,10,October,Oct,22,5,Friday,Weekday,No,Not applicable
20211023,2021,4,10,October,Oct,23,6,Saturday,Weekend,No,Not applicable
20211024,2021,4,10,October,Oct,24,7,Sunday,Weekend,No,Not applicable
20211025,2021,4,10,October,Oct,25,1,Monday,Weekday,No,Not applicable
20211026,2021,4,10,October,Oct,26,2,Tuesday,Weekday,No,Not applicable
20211027,2021,4,10,October,Oct,27,3,Wednesday,Weekday,No,Not applicable
20211028,2021,4,10,October,Oct,28,4,Thursday,Weekday,No,Not applicable
20211029,2021,4,10,October,Oct,29,5,Friday,Weekday,No,Not applicable
20211030,2021,4,10,October,Oct,30,6,Saturday,Weekend,No,Not applicable
20211031,2021,4,10,October,Oct,31,7,Sunday,Weekend,No,Not applicable
20211101,2021,4,11,November,Nov,1,1,Monday,Weekday,No,Not applicable
20211102,2021,4,11,November,Nov,2,2,Tuesday,Weekday,No,Not applicable
20211103,2021,4,11,November,Nov,3,3,Wednesday,Weekday,No,Not applicable
20211104,2021,4,11,November,Nov,4,4,Thursday,Weekday,No,Not applicable
20211105,2021,4,11,November,Nov,5,5,Friday,Weekday,No,Not applicable
20211106,2021,4,11,November,Nov,6,6,Saturday,Weekend,No,Not applicable
20211107,2021,4,11,November,Nov,7,7,Sunday,Weekend,No,Not applicable
20211108,2021,4,11,November,Nov,8,1,Monday,Weekday,No,Not applicable
20211109,2021,4,11,November,Nov,9,2,Tuesday,Weekday,No,Not applicable
20211110,2021,4,11,November,Nov,10,3,Wednesday,Weekday,No,Not applicable
20211111,2021,4,11,November,Nov,11,4,Thursday,Weekday,No,Not applicable
20211112,2021,4,11,November,Nov,12,5,Friday,Weekday,No,Not applicable
20211113,2021,4,11,November,Nov,13,6,Saturday,Weekend,No,Not applicable
20211114,2021,4,11,November,Nov,14,7,Sunday,Weekend,No,Not applicable
20211115,2021,4,11,November,Nov,15,1,Monday,Weekday,No,Not applicable
20211116,2021,4,11,November,Nov,16,2,Tuesday,Weekday,No,Not applicable
20211117,2021,4,11,November,Nov,17,3,Wednesday,Weekday,No,Not applicable
20211118,2021,4,11,November,Nov,18,4,Thursday,Weekday,No,Not applicable
20211119,2021,4,11,November,Nov,19,5,Friday,Weekday,No,Not applicable
20211120,2021,4,11,November,Nov,20,6,Saturday,Weekend,No,Not applicable
20211121,2021,4,11,November,Nov,21,7,Sunday,Weekend,No,Not applicable
20211122,2021,4,11,November,Nov,22,1,Monday,Weekday,No,Not applicable
20211123,2021,4,11,November,Nov,23,2,Tuesday,Weekday,No,Not applicable
20211124,2021,4,11,November,Nov,24,3,Wednesday,Weekday,No,Not applicable
20211125,2021,4,11,November,Nov,25,4,Thursday,Weekday,No,Not applicable
20211126,2021,4,11,November,Nov,26,5,Friday,Weekday,No,Not applicable
20211127,2021,4,11,November,Nov,27,6,Saturday,Weekend,No,Not applicable
20211128,2021,4,11,November,Nov,28,7,Sunday,Weekend,No,Not applicable
20211129,2021,4,11,November,Nov,29,1,Monday,Weekday,No,Not applicable
20211130,2021,4,11,November,Nov,30,2,Tuesday,Weekday,No,Not applicable
20211201,2021,4,12,December,Dec,1,3,Wednesday,Weekday,No,Not applicable
20211202,2021,4,12,December,Dec,2,4,Thursday,Weekday,No,Not applicable
20211203,2021,4,12,December,Dec,3,5,Friday,Weekday,No,Not applicable
20211204,2021,4,12,December,Dec,4,6,Saturday,Weekend,No,Not applicable
20211205,2021,4,12,December,Dec,5,7,Sunday,Weekend,No,Not applicable
20211206,2021,4,12,December,Dec,6,1,Monday,Weekday,No,Not applicable
20211207,2021,4,12,December,Dec,7,2,Tuesday,Weekday,No,Not applicable
20211208,2021,4,12,December,Dec,8,3,Wednesday,Weekday,No,Not applicable
20211209,2021,4,12,December,Dec,9,4,Thursday,Weekday,No,Not applicable
20211210,2021,4,12,December,Dec,10,5,Friday,Weekday,No,Not applicable
20211211,2021,4,12,December,Dec,11,6,Saturday,Weekend,No,Not applicable
20211212,2021,4,12,December,Dec,12,7,Sunday,Weekend,No,Not applicable
20211213,2021,4,12,December,Dec,13,1,Monday,Weekday,No,Not applicable
20211214,2021,4,12,December,Dec,14,2,Tuesday,Weekday,No,Not applicable
20211215,2021,4,12,December,Dec,15,3,Wednesday,Weekday,No,Not applicable
20211216,2021,4,12,December,Dec,16,4,Thursday,Weekday,No,Not applicable
20211217,2021,4,12,December,Dec,17,5,Friday,Weekday,No,Not applicable
20211218,2021,4,12,December,Dec,18,6,Saturday,Weekend,No,Not applicable
20211219,2021,4,12,December,Dec,19,7,Sunday,Weekend,No,Not applicable
20211220,2021,4,12,December,Dec,20,1,Monday,Weekday,No,Not applicable
20211221,2021,4,12,December,Dec,21,2,Tuesday,Weekday,No,Not applicable
20211222,2021,4,12,December,Dec,22,3,Wednesday,Weekday,No,Not applicable
20211223,2021,4,12,December,Dec,23,4,Thursday,Weekday,No,Not applicable
20211224,2021,4,12,December,Dec,24,5,Friday,Weekday,No,Not applicable
20211225,2021,4,12,December,Dec,25,6,Saturday,Weekend,No,Not applicable
20211226,2021,4,12,December,Dec,26,7,Sunday,Weekend,No,Not applicable
20211227,2021,4,12,December,Dec,27,1,Monday,Weekday,Yes,Christmas Day
20211228,2021,4,12,December,Dec,28,2,Tuesday,Weekday,Yes,Boxing Day
20211229,2021,4,12,December,Dec,29,3,Wednesday,Weekday,No,Not applicable
20211230,2021,4,12,December,Dec,30,4,Thursday,Weekday,No,Not applicable
20211231,2021,4,12,December,Dec,31,5,Friday,Weekday,No,Not applicable
20220101,2022,1,1,January,Jan,1,6,Saturday,Weekend,No,Not applicable
20220102,2022,1,1,January,Jan,2,7,Sunday,Weekend,No,Not applicable
20220103,2022,1,1,January,Jan,3,1,Monday,Weekday,Yes,New Year’s Day
20220104,2022,1,1,January,Jan,4,2,Tuesday,Weekday,No,Not applicable
20220105,2022,1,1,January,Jan,5,3,Wednesday,Weekday,No,Not applicable
20220106,2022,1,1,January,Jan,6,4,Thursday,Weekday,No,Not applicable
20220107,2022,1,1,January,Jan,7,5,Friday,Weekday,No,Not applicable
20220108,2022,1,1,January,Jan,8,6,Saturday,Weekend,No,Not applicable
20220109,2022,1,1,January,Jan,9,7,Sunday,Weekend,No,Not applicable
20220110,2022,1,1,January,Jan,10,1,Monday,Weekday,No,Not applicable
20220111,2022,1,1,January,Jan,11,2,Tuesday,Weekday,No,Not applicable
20220112,2022,1,1,January,Jan,12,3,Wednesday,Weekday,No,Not applicable
20220113,2022,1,1,January,Jan,13,4,Thursday,Weekday,No,Not applicable
20220114,2022,1,1,January,Jan,14,5,Friday,Weekday,No,Not applicable
20220115,2022,1,1,January,Jan,15,6,Saturday,Weekend,No,Not applicable
20220116,2022,1,1,January,Jan,16,7,Sunday,Weekend,No,Not applicable
20220117,2022,1,1,January,Jan,17,1,Monday,Weekday,No,Not applicable
20220118,2022,1,1,January,Jan,18,2,Tuesday,Weekday,No,Not applicable
20220119,2022,1,1,January,Jan,19,3,Wednesday,Weekday,No,Not applicable
20220120,2022,1,1,January,Jan,20,4,Thursday,Weekday,No,Not applicable
20220121,2022,1,1,January,Jan,21,5,Friday,Weekday,No,Not applicable
20220122,2022,1,1,January,Jan,22,6,Saturday,Weekend,No,Not applicable
20220123,2022,1,1,January,Jan,23,7,Sunday,Weekend,No,Not applicable
20220124,2022,1,1,January,Jan,24,1,Monday,Weekday,No,Not applicable
20220125,2022,1,1,January,Jan,25,2,Tuesday,Weekday,No,Not applicable
20220126,2022,1,1,January,Jan,26,3,Wednesday,Weekday,No,Not applicable
20220127,2022,1,1,January,Jan,27,4,Thursday,Weekday,No,Not applicable
20220128,2022,1,1,January,Jan,28,5,Friday,Weekday,No,Not applicable
20220129,2022,1,1,January,Jan,29,6,Saturday,Weekend,No,Not applicable
20220130,2022,1,1,January,Jan,30,7,Sunday,Weekend,No,Not applicable
20220131,2022,1,1,January,Jan,31,1,Monday,Weekday,No,Not applicable
20220201,2022,1,2,February,Feb,1,2,Tuesday,Weekday,No,Not applicable
20220202,2022,1,2,February,Feb,2,3,Wednesday,Weekday,No,Not applicable
20220203,2022,1,2,February,Feb,3,4,Thursday,Weekday,No,Not applicable
20220204,2022,1,2,February,Feb,4,5,Friday,Weekday,No,Not applicable
20220205,2022,1,2,February,Feb,5,6,Saturday,Weekend,No,Not applicable
20220206,2022,1,2,February,Feb,6,7,Sunday,Weekend,No,Not applicable
20220207,2022,1,2,February,Feb,7,1,Monday,Weekday,No,Not applicable
20220208,2022,1,2,February,Feb,8,2,Tuesday,Weekday,No,Not applicable
20220209,2022,1,2,February,Feb,9,3,Wednesday,Weekday,No,Not applicable
20220210,2022,1,2,February,Feb,10,4,Thursday,Weekday,No,Not applicable
20220211,2022,1,2,February,Feb,11,5,Friday,Weekday,No,Not applicable
20220212,2022,1,2,February,Feb,12,6,Saturday,Weekend,No,Not applicable
20220213,2022,1,2,February,Feb,13,7,Sunday,Weekend,No,Not applicable
20220214,2022,1,2,February,Feb,14,1,Monday,Weekday,No,Not applicable
20220215,2022,1,2,February,Feb,15,2,Tuesday,Weekday,No,Not applicable
20220216,2022,1,2,February,Feb,16,3,Wednesday,Weekday,No,Not applicable
20220217,2022,1,2,February,Feb,17,4,Thursday,Weekday,No,Not applicable
20220218,2022,1,2,February,Feb,18,5,Friday,Weekday,No,Not applicable
20220219,2022,1,2,February,Feb,19,6,Saturday,Weekend,No,Not applicable
20220220,2022,1,2,February,Feb,20,7,Sunday,Weekend,No,Not applicable
20220221,2022,1,2,February,Feb,21,1,Monday,Weekday,No,Not applicable
20220222,2022,1,2,February,Feb,22,2,Tuesday,Weekday,No,Not applicable
20220223,2022,1,2,February,Feb,23,3,Wednesday,Weekday,No,Not applicable
20220224,2022,1,2,February,Feb,24,4,Thursday,Weekday,No,Not applicable
20220225,2022,1,2,February,Feb,25,5,Friday,Weekday,No,Not applicable
20220226,2022,1,2,February,Feb,26,6,Saturday,Weekend,No,Not applicable
20220227,2022,1,2,February,Feb,27,7,Sunday,Weekend,No,Not applicable
20220228,2022,1,2,February,Feb,28,1,Monday,Weekday,No,Not applicable
20220301,2022,1,3,March,Mar,1,2,Tuesday,Weekday,No,Not applicable
20220302,2022,1,3,March,Mar,2,3,Wednesday,Weekday,No,Not applicable
20220303,2022,1,3,March,Mar,3,4,Thursday,Weekday,No,Not applicable
20220304,2022,1,3,March,Mar,4,5,Friday,Weekday,No,Not applicable
20220305,2022,1,3,March,Mar,5,6,Saturday,Weekend,No,Not applicable
20220306,2022,1,3,March,Mar,6,7,Sunday,Weekend,No,Not applicable
20220307,2022,1,3,March,Mar,7,1,Monday,Weekday,No,Not applicable
20220308,2022,1,3,March,Mar,8,2,Tuesday,Weekday,No,Not applicable
20220309,2022,1,3,March,Mar,9,3,Wednesday,Weekday,No,Not applicable
20220310,2022,1,3,March,Mar,10,4,Thursday,Weekday,No,Not applicable
20220311,2022,1,3,March,Mar,11,5,Friday,Weekday,No,Not applicable
20220312,2022,1,3,March,Mar,12,6,Saturday,Weekend,No,Not applicable
20220313,2022,1,3,March,Mar,13,7,Sunday,Weekend,No,Not applicable
20220314,2022,1,3,March,Mar,14,1,Monday,Weekday,No,Not applicable
20220315,2022,1,3,March,Mar,15,2,Tuesday,Weekday,No,Not applicable
20220316,2022,1,3,March,Mar,16,3,Wednesday,Weekday,No,Not applicable
20220317,2022,1,3,March,Mar,17,4,Thursday,Weekday,No,Not applicable
20220318,2022,1,3,March,Mar,18,5,Friday,Weekday,No,Not applicable
20220319,2022,1,3,March,Mar,19,6,Saturday,Weekend,No,Not applicable
20220320,2022,1,3,March,Mar,20,7,Sunday,Weekend,No,Not applicable
20220321,2022,1,3,March,Mar,21,1,Monday,Weekday,No,Not applicable
20220322,2022,1,3,March,Mar,22,2,Tuesday,Weekday,No,Not applicable
20220323,2022,1,3,March,Mar,23,3,Wednesday,Weekday,No,Not applicable
20220324,2022,1,3,March,Mar,24,4,Thursday,Weekday,No,Not applicable
20220325,2022,1,3,March,Mar,25,5,Friday,Weekday,No,Not applicable
20220326,2022,1,3,March,Mar,26,6,Saturday,Weekend,No,Not applicable
20220327,2022,1,3,March,Mar,27,7,Sunday,Weekend,No,Not applicable
20220328,2022,1,3,March,Mar,28,1,Monday,Weekday,No,Not applicable
20220329,2022,1,3,March,Mar,29,2,Tuesday,Weekday,No,Not applicable
20220330,2022,1,3,March,Mar,30,3,Wednesday,Weekday,No,Not applicable
20220331,2022,1,3,March,Mar,31,4,Thursday,Weekday,No,Not applicable
20220401,2022,2,4,April,Apr,1,5,Friday,Weekday,No,Not applicable
20220402,2022,2,4,April,Apr,2,6,Saturday,Weekend,No,Not applicable
20220403,2022,2,4,April,Apr,3,7,Sunday,Weekend,No,Not applicable
20220404,2022,2,4,April,Apr,4,1,Monday,Weekday,No,Not applicable
20220405,2022,2,4,April,Apr,5,2,Tuesday,Weekday,No,Not applicable
20220406,2022,2,4,April,Apr,6,3,Wednesday,Weekday,No,Not applicable
20220407,2022,2,4,April,Apr,7,4,Thursday,Weekday,No,Not applicable
20220408,2022,2,4,April,Apr,8,5,Friday,Weekday,No,Not applicable
20220409,2022,2,4,April,Apr,9,6,Saturday,Weekend,No,Not applicable
20220410,2022,2,4,April,Apr,10,7,Sunday,Weekend,No,Not applicable
20220411,2022,2,4,April,Apr,11,1,Monday,Weekday,No,Not applicable
20220412,2022,2,4,April,Apr,12,2,Tuesday,Weekday,No,Not applicable
20220413,2022,2,4,April,Apr,13,3,Wednesday,Weekday,No,Not applicable
20220414,2022,2,4,April,Apr,14,4,Thursday,Weekday,No,Not applicable
20220415,2022,2,4,April,Apr,15,5,Friday,Weekday,Yes,Good Friday
20220416,2022,2,4,April,Apr,16,6,Saturday,Weekend,No,Not applicable
20220417,2022,2,4,April,Apr,17,7,Sunday,Weekend,No,Not applicable
20220418,2022,2,4,April,Apr,18,1,Monday,Weekday,Yes,Easter Monday
20220419,2022,2,4,April,Apr,19,2,Tuesday,Weekday,No,Not applicable
20220420,2022,2,4,April,Apr,20,3,Wednesday,Weekday,No,Not applicable
20220421,2022,2,4,April,Apr,21,4,Thursday,Weekday,No,Not applicable
20220422,2022,2,4,April,Apr,22,5,Friday,Weekday,No,Not applicable
20220423,2022,2,4,April,Apr,23,6,Saturday,Weekend,No,Not applicable
20220424,2022,2,4,April,Apr,24,7,Sunday,Weekend,No,Not applicable
20220425,2022,2,4,April,Apr,25,1,Monday,Weekday,No,Not applicable
20220426,2022,2,4,April,Apr,26,2,Tuesday,Weekday,No,Not applicable
20220427,2022,2,4,April,Apr,27,3,Wednesday,Weekday,No,Not applicable
20220428,2022,2,4,April,Apr,28,4,Thursday,Weekday,No,Not applicable
20220429,2022,2,4,April,Apr,29,5,Friday,Weekday,No,Not applicable
20220430,2022,2,4,April,Apr,30,6,Saturday,Weekend,No,Not applicable
20220501,2022,2,5,May,May,1,7,Sunday,Weekend,No,Not applicable
20220502,2022,2,5,May,May,2,1,Monday,Weekday,Yes,Early May bank holiday
20220503,2022,2,5,May,May,3,2,Tuesday,Weekday,No,Not applicable
20220504,2022,2,5,May,May,4,3,Wednesday,Weekday,No,Not applicable
20220505,2022,2,5,May,May,5,4,Thursday,Weekday,No,Not applicable
20220506,2022,2,5,May,May,6,5,Friday,Weekday,No,Not applicable
20220507,2022,2,5,May,May,7,6,Saturday,Weekend,No,Not applicable
20220508,2022,2,5,May,May,8,7,Sunday,Weekend,No,Not applicable
20220509,2022,2,5,May,May,9,1,Monday,Weekday,No,Not applicable
20220510,2022,2,5,May,May,10,2,Tuesday,Weekday,No,Not applicable
20220511,2022,2,5,May,May,11,3,Wednesday,Weekday,No,Not applicable
20220512,2022,2,5,May,May,12,4,Thursday,Weekday,No,Not applicable
20220513,2022,2,5,May,May,13,5,Friday,Weekday,No,Not applicable
20220514,2022,2,5,May,May,14,6,Saturday,Weekend,No,Not applicable
20220515,2022,2,5,May,May,15,7,Sunday,Weekend,No,Not applicable
20220516,2022,2,5,May,May,16,1,Monday,Weekday,No,Not applicable
20220517,2022,2,5,May,May,17,2,Tuesday,Weekday,No,Not applicable
20220518,2022,2,5,May,May,18,3,Wednesday,Weekday,No,Not applicable
20220519,2022,2,5,May,May,19,4,Thursday,Weekday,No,Not applicable
20220520,2022,2,5,May,May,20,5,Friday,Weekday,No,Not applicable
20220521,2022,2,5,May,May,21,6,Saturday,Weekend,No,Not applicable
20220522,2022,2,5,May,May,22,7,Sunday,Weekend,No,Not applicable
20220523,2022,2,5,May,May,23,1,Monday,Weekday,No,Not applicable
20220524,2022,2,5,May,May,24,2,Tuesday,Weekday,No,Not applicable
20220525,2022,2,5,May,May,25,3,Wednesday,Weekday,No,Not applicable
20220526,2022,2,5,May,May,26,4,Thursday,Weekday,No,Not applicable
20220527,2022,2,5,May,May,27,5,Friday,Weekday,No,Not applicable
20220528,2022,2,5,May,May,28,6,Saturday,Weekend,No,Not applicable
20220529,2022,2,5,May,May,29,7,Sunday,Weekend,No,Not applicable
20220530,2022,2,5,May,May,30,1,Monday,Weekday,No,Not applicable
20220531,2022,2,5,May,May,31,2,Tuesday,Weekday,No,Not applicable
20220601,2022,2,6,June,Jun,1,3,Wednesday,Weekday,No,Not applicable
20220602,2022,2,6,June,Jun,2,4,Thursday,Weekday,Yes,Spring bank holiday
20220603,2022,2,6,June,Jun,3,5,Friday,Weekday,Yes,Platinum Jubilee bank holiday
20220604,2022,2,6,June,Jun,4,6,Saturday,Weekend,No,Not applicable
20220605,2022,2,6,June,Jun,5,7,Sunday,Weekend,No,Not applicable
20220606,2022,2,6,June,Jun,6,1,Monday,Weekday,No,Not applicable
20220607,2022,2,6,June,Jun,7,2,Tuesday,Weekday,No,Not applicable
20220608,2022,2,6,June,Jun,8,3,Wednesday,Weekday,No,Not applicable
20220609,2022,2,6,June,Jun,9,4,Thursday,Weekday,No,Not applicable
20220610,2022,2,6,June,Jun,10,5,Friday,Weekday,No,Not applicable
20220611,2022,2,6,June,Jun,11,6,Saturday,Weekend,No,Not applicable
20220612,2022,2,6,June,Jun,12,7,Sunday,Weekend,No,Not applicable
20220613,2022,2,6,June,Jun,13,1,Monday,Weekday,No,Not applicable
20220614,2022,2,6,June,Jun,14,2,Tuesday,Weekday,No,Not applicable
20220615,2022,2,6,June,Jun,15,3,Wednesday,Weekday,No,Not applicable
20220616,2022,2,6,June,Jun,16,4,Thursday,Weekday,No,Not applicable
20220617,2022,2,6,June,Jun,17,5,Friday,Weekday,No,Not applicable
20220618,2022,2,6,June,Jun,18,6,Saturday,Weekend,No,Not applicable
20220619,2022,2,6,June,Jun,19,7,Sunday,Weekend,No,Not applicable
20220620,2022,2,6,June,Jun,20,1,Monday,Weekday,No,Not applicable
20220621,2022,2,6,June,Jun,21,2,Tuesday,Weekday,No,Not applicable
20220622,2022,2,6,June,Jun,22,3,Wednesday,Weekday,No,Not applicable
20220623,2022,2,6,June,Jun,23,4,Thursday,Weekday,No,Not applicable
20220624,2022,2,6,June,Jun,24,5,Friday,Weekday,No,Not applicable
20220625,2022,2,6,June,Jun,25,6,Saturday,Weekend,No,Not applicable
20220626,2022,2,6,June,Jun,26,7,Sunday,Weekend,No,Not applicable
20220627,2022,2,6,June,Jun,27,1,Monday,Weekday,No,Not applicable
20220628,2022,2,6,June,Jun,28,2,Tuesday,Weekday,No,Not applicable
20220629,2022,2,6,June,Jun,29,3,Wednesday,Weekday,No,Not applicable
20220630,2022,2,6,June,Jun,30,4,Thursday,Weekday,No,Not applicable
20220701,2022,3,7,July,Jul,1,5,Friday,Weekday,No,Not applicable
20220702,2022,3,7,July,Jul,2,6,Saturday,Weekend,No,Not applicable
20220703,2022,3,7,July,Jul,3,7,Sunday,Weekend,No,Not applicable
20220704,2022,3,7,July,Jul,4,1,Monday,Weekday,No,Not applicable
20220705,2022,3,7,July,Jul,5,2,Tuesday,Weekday,No,Not applicable
20220706,2022,3,7,July,Jul,6,3,Wednesday,Weekday,No,Not applicable
20220707,2022,3,7,July,Jul,7,4,Thursday,Weekday,No,Not applicable
20220708,2022,3,7,July,Jul,8,5,Friday,Weekday,No,Not applicable
20220709,2022,3,7,July,Jul,9,6,Saturday,Weekend,No,Not applicable
20220710,2022,3,7,July,Jul,10,7,Sunday,Weekend,No,Not applicable
20220711,2022,3,7,July,Jul,11,1,Monday,Weekday,No,Not applicable
20220712,2022,3,7,July,Jul,12,2,Tuesday,Weekday,No,Not applicable
20220713,2022,3,7,July,Jul,13,3,Wednesday,Weekday,No,Not applicable
20220714,2022,3,7,July,Jul,14,4,Thursday,Weekday,No,Not applicable
20220715,2022,3,7,July,Jul,15,5,Friday,Weekday,No,Not applicable
20220716,2022,3,7,July,Jul,16,6,Saturday,Weekend,No,Not applicable
20220717,2022,3,7,July,Jul,17,7,Sunday,Weekend,No,Not applicable
20220718,2022,3,7,July,Jul,18,1,Monday,Weekday,No,Not applicable
20220719,2022,3,7,July,Jul,19,2,Tuesday,Weekday,No,Not applicable
20220720,2022,3,7,July,Jul,20,3,Wednesday,Weekday,No,Not applicable
20220721,2022,3,7,July,Jul,21,4,Thursday,Weekday,No,Not applicable
20220722,2022,3,7,July,Jul,22,5,Friday,Weekday,No,Not applicable
20220723,2022,3,7,July,Jul,23,6,Saturday,Weekend,No,Not applicable
20220724,2022,3,7,July,Jul,24,7,Sunday,Weekend,No,Not applicable
20220725,2022,3,7,July,Jul,25,1,Monday,Weekday,No,Not applicable
20220726,2022,3,7,July,Jul,26,2,Tuesday,Weekday,No,Not applicable
20220727,2022,3,7,July,Jul,27,3,Wednesday,Weekday,No,Not applicable
20220728,2022,3,7,July,Jul,28,4,Thursday,Weekday,No,Not applicable
20220729,2022,3,7,July,Jul,29,5,Friday,Weekday,No,Not applicable
20220730,2022,3,7,July,Jul,30,6,Saturday,Weekend,No,Not applicable
20220731,2022,3,7,July,Jul,31,7,Sunday,Weekend,No,Not applicable
20220801,2022,3,8,August,Aug,1,1,Monday,Weekday,No,Not applicable
20220802,2022,3,8,August,Aug,2,2,Tuesday,Weekday,No,Not applicable
20220803,2022,3,8,August,Aug,3,3,Wednesday,Weekday,No,Not applicable
20220804,2022,3,8,August,Aug,4,4,Thursday,Weekday,No,Not applicable
20220805,2022,3,8,August,Aug,5,5,Friday,Weekday,No,Not applicable
20220806,2022,3,8,August,Aug,6,6,Saturday,Weekend,No,Not applicable
20220807,2022,3,8,August,Aug,7,7,Sunday,Weekend,No,Not applicable
20220808,2022,3,8,August,Aug,8,1,Monday,Weekday,No,Not applicable
20220809,2022,3,8,August,Aug,9,2,Tuesday,Weekday,No,Not applicable
20220810,2022,3,8,August,Aug,10,3,Wednesday,Weekday,No,Not applicable
20220811,2022,3,8,August,Aug,11,4,Thursday,Weekday,No,Not applicable
20220812,2022,3,8,August,Aug,12,5,Friday,Weekday,No,Not applicable
20220813,2022,3,8,August,Aug,13,6,Saturday,Weekend,No,Not applicable
20220814,2022,3,8,August,Aug,14,7,Sunday,Weekend,No,Not applicable
20220815,2022,3,8,August,Aug,15,1,Monday,Weekday,No,Not applicable
20220816,2022,3,8,August,Aug,16,2,Tuesday,Weekday,No,Not applicable
20220817,2022,3,8,August,Aug,17,3,Wednesday,Weekday,No,Not applicable
20220818,2022,3,8,August,Aug,18,4,Thursday,Weekday,No,Not applicable
20220819,2022,3,8,August,Aug,19,5,Friday,Weekday,No,Not applicable
20220820,2022,3,8,August,Aug,20,6,Saturday,Weekend,No,Not applicable
20220821,2022,3,8,August,Aug,21,7,Sunday,Weekend,No,Not applicable
20220822,2022,3,8,August,Aug,22,1,Monday,Weekday,No,Not applicable
20220823,2022,3,8,August,Aug,23,2,Tuesday,Weekday,No,Not applicable
20220824,2022,3,8,August,Aug,24,3,Wednesday,Weekday,No,Not applicable
20220825,2022,3,8,August,Aug,25,4,Thursday,Weekday,No,Not applicable
20220826,2022,3,8,August,Aug,26,5,Friday,Weekday,No,Not applicable
20220827,2022,3,8,August,Aug,27,6,Saturday,Weekend,No,Not applicable
20220828,2022,3,8,August,Aug,28,7,Sunday,Weekend,No,Not applicable
20220829,2022,3,8,August,Aug,29,1,Monday,Weekday,Yes,Summer bank holiday
20220830,2022,3,8,August,Aug,30,2,Tuesday,Weekday,No,Not applicable
20220831,2022,3,8,August,Aug,31,3,Wednesday,Weekday,No,Not applicable
20220901,2022,3,9,September,Sep,1,4,Thursday,Weekday,No,Not applicable
20220902,2022,3,9,September,Sep,2,5,Friday,Weekday,No,Not applicable
20220903,2022,3,9,September,Sep,3,6,Saturday,Weekend,No,Not applicable
20220904,2022,3,9,September,Sep,4,7,Sunday,Weekend,No,Not applicable
20220905,2022,3,9,September,Sep,5,1,Monday,Weekday,No,Not applicable
20220906,2022,3,9,September,Sep,6,2,Tuesday,Weekday,No,Not applicable
20220907,2022,3,9,September,Sep,7,3,Wednesday,Weekday,No,Not applicable
20220908,2022,3,9,September,Sep,8,4,Thursday,Weekday,No,Not applicable
20220909,2022,3,9,September,Sep,9,5,Friday,Weekday,No,Not applicable
20220910,2022,3,9,September,Sep,10,6,Saturday,Weekend,No,Not applicable
20220911,2022,3,9,September,Sep,11,7,Sunday,Weekend,No,Not applicable
20220912,2022,3,9,September,Sep,12,1,Monday,Weekday,No,Not applicable
20220913,2022,3,9,September,Sep,13,2,Tuesday,Weekday,No,Not applicable
20220914,2022,3,9,September,Sep,14,3,Wednesday,Weekday,No,Not applicable
20220915,2022,3,9,September,Sep,15,4,Thursday,Weekday,No,Not applicable
20220916,2022,3,9,September,Sep,16,5,Friday,Weekday,No,Not applicable
20220917,2022,3,9,September,Sep,17,6,Saturday,Weekend,No,Not applicable
20220918,2022,3,9,September,Sep,18,7,Sunday,Weekend,No,Not applicable
20220919,2022,3,9,September,Sep,19,1,Monday,Weekday,Yes,Bank Holiday for the State Funeral of Queen Elizabeth II
20220920,2022,3,9,September,Sep,20,2,Tuesday,Weekday,No,Not applicable
20220921,2022,3,9,September,Sep,21,3,Wednesday,Weekday,No,Not applicable
20220922,2022,3,9,September,Sep,22,4,Thursday,Weekday,No,Not applicable
20220923,2022,3,9,September,Sep,23,5,Friday,Weekday,No,Not applicable
20220924,2022,3,9,September,Sep,24,6,Saturday,Weekend,No,Not applicable
20220925,2022,3,9,September,Sep,25,7,Sunday,Weekend,No,Not applicable
20220926,2022,3,9,September,Sep,26,1,Monday,Weekday,No,Not applicable
20220927,2022,3,9,September,Sep,27,2,Tuesday,Weekday,No,Not applicable
20220928,2022,3,9,September,Sep,28,3,Wednesday,Weekday,No,Not applicable
20220929,2022,3,9,September,Sep,29,4,Thursday,Weekday,No,Not applicable
20220930,2022,3,9,September,Sep,30,5,Friday,Weekday,No,Not applicable
20221001,2022,4,10,October,Oct,1,6,Saturday,Weekend,No,Not applicable
20221002,2022,4,10,October,Oct,2,7,Sunday,Weekend,No,Not applicable
20221003,2022,4,10,October,Oct,3,1,Monday,Weekday,No,Not applicable
20221004,2022,4,10,October,Oct,4,2,Tuesday,Weekday,No,Not applicable
20221005,2022,4,10,October,Oct,5,3,Wednesday,Weekday,No,Not applicable
20221006,2022,4,10,October,Oct,6,4,Thursday,Weekday,No,Not applicable
20221007,2022,4,10,October,Oct,7,5,Friday,Weekday,No,Not applicable
20221008,2022,4,10,October,Oct,8,6,Saturday,Weekend,No,Not applicable
20221009,2022,4,10,October,Oct,9,7,Sunday,Weekend,No,Not applicable
20221010,2022,4,10,October,Oct,10,1,Monday,Weekday,No,Not applicable
20221011,2022,4,10,October,Oct,11,2,Tuesday,Weekday,No,Not applicable
20221012,2022,4,10,October,Oct,12,3,Wednesday,Weekday,No,Not applicable
20221013,2022,4,10,October,Oct,13,4,Thursday,Weekday,No,Not applicable
20221014,2022,4,10,October,Oct,14,5,Friday,Weekday,No,Not applicable
20221015,2022,4,10,October,Oct,15,6,Saturday,Weekend,No,Not applicable
20221016,2022,4,10,October,Oct,16,7,Sunday,Weekend,No,Not applicable
20221017,2022,4,10,October,Oct,17,1,Monday,Weekday,No,Not applicable
20221018,2022,4,10,October,Oct,18,2,Tuesday,Weekday,No,Not applicable
20221019,2022,4,10,October,Oct,19,3,Wednesday,Weekday,No,Not applicable
20221020,2022,4,10,October,Oct,20,4,Thursday,Weekday,No,Not applicable
20221021,2022,4,10,October,Oct,21,5,Friday,Weekday,No,Not applicable
20221022,2022,4,10,October,Oct,22,6,Saturday,Weekend,No,Not applicable
20221023,2022,4,10,October,Oct,23,7,Sunday,Weekend,No,Not applicable
20221024,2022,4,10,October,Oct,24,1,Monday,Weekday,No,Not applicable
20221025,2022,4,10,October,Oct,25,2,Tuesday,Weekday,No,Not applicable
20221026,2022,4,10,October,Oct,26,3,Wednesday,Weekday,No,Not applicable
20221027,2022,4,10,October,Oct,27,4,Thursday,Weekday,No,Not applicable
20221028,2022,4,10,October,Oct,28,5,Friday,Weekday,No,Not applicable
20221029,2022,4,10,October,Oct,29,6,Saturday,Weekend,No,Not applicable
20221030,2022,4,10,October,Oct,30,7,Sunday,Weekend,No,Not applicable
20221031,2022,4,10,October,Oct,31,1,Monday,Weekday,No,Not applicable
20221101,2022,4,11,November,Nov,1,2,Tuesday,Weekday,No,Not applicable
20221102,2022,4,11,November,Nov,2,3,Wednesday,Weekday,No,Not applicable
20221103,2022,4,11,November,Nov,3,4,Thursday,Weekday,No,Not applicable
20221104,2022,4,11,November,Nov,4,5,Friday,Weekday,No,Not applicable
20221105,2022,4,11,November,Nov,5,6,Saturday,Weekend,No,Not applicable
20221106,2022,4,11,November,Nov,6,7,Sunday,Weekend,No,Not applicable
20221107,2022,4,11,November,Nov,7,1,Monday,Weekday,No,Not applicable
20221108,2022,4,11,November,Nov,8,2,Tuesday,Weekday,No,Not applicable
20221109,2022,4,11,November,Nov,9,3,Wednesday,Weekday,No,Not applicable
20221110,2022,4,11,November,Nov,10,4,Thursday,Weekday,No,Not applicable
20221111,2022,4,11,November,Nov,11,5,Friday,Weekday,No,Not applicable
20221112,2022,4,11,November,Nov,12,6,Saturday,Weekend,No,Not applicable
20221113,2022,4,11,November,Nov,13,7,Sunday,Weekend,No,Not applicable
20221114,2022,4,11,November,Nov,14,1,Monday,Weekday,No,Not applicable
20221115,2022,4,11,November,Nov,15,2,Tuesday,Weekday,No,Not applicable
20221116,2022,4,11,November,Nov,16,3,Wednesday,Weekday,No,Not applicable
20221117,2022,4,11,November,Nov,17,4,Thursday,Weekday,No,Not applicable
20221118,2022,4,11,November,Nov,18,5,Friday,Weekday,No,Not applicable
20221119,2022,4,11,November,Nov,19,6,Saturday,Weekend,No,Not applicable
20221120,2022,4,11,November,Nov,20,7,Sunday,Weekend,No,Not applicable
20221121,2022,4,11,November,Nov,21,1,Monday,Weekday,No,Not applicable
20221122,2022,4,11,November,Nov,22,2,Tuesday,Weekday,No,Not applicable
20221123,2022,4,11,November,Nov,23,3,Wednesday,Weekday,No,Not applicable
20221124,2022,4,11,November,Nov,24,4,Thursday,Weekday,No,Not applicable
20221125,2022,4,11,November,Nov,25,5,Friday,Weekday,No,Not applicable
20221126,2022,4,11,November,Nov,26,6,Saturday,Weekend,No,Not applicable
20221127,2022,4,11,November,Nov,27,7,Sunday,Weekend,No,Not applicable
20221128,2022,4,11,November,Nov,28,1,Monday,Weekday,No,Not applicable
20221129,2022,4,11,November,Nov,29,2,Tuesday,Weekday,No,Not applicable
20221130,2022,4,11,November,Nov,30,3,Wednesday,Weekday,No,Not applicable
20221201,2022,4,12,December,Dec,1,4,Thursday,Weekday,No,Not applicable
20221202,2022,4,12,December,Dec,2,5,Friday,Weekday,No,Not applicable
20221203,2022,4,12,December,Dec,3,6,Saturday,Weekend,No,Not applicable
20221204,2022,4,12,December,Dec,4,7,Sunday,Weekend,No,Not applicable
20221205,2022,4,12,December,Dec,5,1,Monday,Weekday,No,Not applicable
20221206,2022,4,12,December,Dec,6,2,Tuesday,Weekday,No,Not applicable
20221207,2022,4,12,December,Dec,7,3,Wednesday,Weekday,No,Not applicable
20221208,2022,4,12,December,Dec,8,4,Thursday,Weekday,No,Not applicable
20221209,2022,4,12,December,Dec,9,5,Friday,Weekday,No,Not applicable
20221210,2022,4,12,December,Dec,10,6,Saturday,Weekend,No,Not applicable
20221211,2022,4,12,December,Dec,11,7,Sunday,Weekend,No,Not applicable
20221212,2022,4,12,December,Dec,12,1,Monday,Weekday,No,Not applicable
20221213,2022,4,12,December,Dec,13,2,Tuesday,Weekday,No,Not applicable
20221214,2022,4,12,December,Dec,14,3,Wednesday,Weekday,No,Not applicable
20221215,2022,4,12,December,Dec,15,4,Thursday,Weekday,No,Not applicable
20221216,2022,4,12,December,Dec,16,5,Friday,Weekday,No,Not applicable
20221217,2022,4,12,December,Dec,17,6,Saturday,Weekend,No,Not applicable
20221218,2022,4,12,December,Dec,18,7,Sunday,Weekend,No,Not applicable
20221219,2022,4,12,December,Dec,19,1,Monday,Weekday,No,Not applicable
20221220,2022,4,12,December,Dec,20,2,Tuesday,Weekday,No,Not applicable
20221221,2022,4,12,December,Dec,21,3,Wednesday,Weekday,No,Not applicable
20221222,2022,4,12,December,Dec,22,4,Thursday,Weekday,No,Not applicable
20221223,2022,4,12,December,Dec,23,5,Friday,Weekday,No,Not applicable
20221224,2022,4,12,December,Dec,24,6,Saturday,Weekend,No,Not applicable
20221225,2022,4,12,December,Dec,25,7,Sunday,Weekend,No,Not applicable
20221226,2022,4,12,December,Dec,26,1,Monday,Weekday,Yes,Boxing Day
20221227,2022,4,12,December,Dec,27,2,Tuesday,Weekday,Yes,Christmas Day
20221228,2022,4,12,December,Dec,28,3,Wednesday,Weekday,No,Not applicable
20221229,2022,4,12,December,Dec,29,4,Thursday,Weekday,No,Not applicable
20221230,2022,4,12,December,Dec,30,5,Friday,Weekday,No,Not applicable
20221231,2022,4,12,December,Dec,31,6,Saturday,Weekend,No,Not applicable
20230101,2023,1,1,January,Jan,1,7,Sunday,Weekend,No,Not applicable
20230102,2023,1,1,January,Jan,2,1,Monday,Weekday,Yes,New Year’s Day
20230103,2023,1,1,January,Jan,3,2,Tuesday,Weekday,No,Not applicable
20230104,2023,1,1,January,Jan,4,3,Wednesday,Weekday,No,Not applicable
20230105,2023,1,1,January,Jan,5,4,Thursday,Weekday,No,Not applicable
20230106,2023,1,1,January,Jan,6,5,Friday,Weekday,No,Not applicable
20230107,2023,1,1,January,Jan,7,6,Saturday,Weekend,No,Not applicable
20230108,2023,1,1,January,Jan,8,7,Sunday,Weekend,No,Not applicable
20230109,2023,1,1,January,Jan,9,1,Monday,Weekday,No,Not applicable
20230110,2023,1,1,January,Jan,10,2,Tuesday,Weekday,No,Not applicable
20230111,2023,1,1,January,Jan,11,3,Wednesday,Weekday,No,Not applicable
20230112,2023,1,1,January,Jan,12,4,Thursday,Weekday,No,Not applicable
20230113,2023,1,1,January,Jan,13,5,Friday,Weekday,No,Not applicable
20230114,2023,1,1,January,Jan,14,6,Saturday,Weekend,No,Not applicable
20230115,2023,1,1,January,Jan,15,7,Sunday,Weekend,No,Not applicable
20230116,2023,1,1,January,Jan,16,1,Monday,Weekday,No,Not applicable
20230117,2023,1,1,January,Jan,17,2,Tuesday,Weekday,No,Not applicable
20230118,2023,1,1,January,Jan,18,3,Wednesday,Weekday,No,Not applicable
20230119,2023,1,1,January,Jan,19,4,Thursday,Weekday,No,Not applicable
20230120,2023,1,1,January,Jan,20,5,Friday,Weekday,No,Not applicable
20230121,2023,1,1,January,Jan,21,6,Saturday,Weekend,No,Not applicable
20230122,2023,1,1,January,Jan,22,7,Sunday,Weekend,No,Not applicable
20230123,2023,1,1,January,Jan,23,1,Monday,Weekday,No,Not applicable
20230124,2023,1,1,January,Jan,24,2,Tuesday,Weekday,No,Not applicable
20230125,2023,1,1,January,Jan,25,3,Wednesday,Weekday,No,Not applicable
20230126,2023,1,1,January,Jan,26,4,Thursday,Weekday,No,Not applicable
20230127,2023,1,1,January,Jan,27,5,Friday,Weekday,No,Not applicable
20230128,2023,1,1,January,Jan,28,6,Saturday,Weekend,No,Not applicable
20230129,2023,1,1,January,Jan,29,7,Sunday,Weekend,No,Not applicable
20230130,2023,1,1,January,Jan,30,1,Monday,Weekday,No,Not applicable
20230131,2023,1,1,January,Jan,31,2,Tuesday,Weekday,No,Not applicable
20230201,2023,1,2,February,Feb,1,3,Wednesday,Weekday,No,Not applicable
20230202,2023,1,2,February,Feb,2,4,Thursday,Weekday,No,Not applicable
20230203,2023,1,2,February,Feb,3,5,Friday,Weekday,No,Not applicable
20230204,2023,1,2,February,Feb,4,6,Saturday,Weekend,No,Not applicable
20230205,2023,1,2,February,Feb,5,7,Sunday,Weekend,No,Not applicable
20230206,2023,1,2,February,Feb,6,1,Monday,Weekday,No,Not applicable
20230207,2023,1,2,February,Feb,7,2,Tuesday,Weekday,No,Not applicable
20230208,2023,1,2,February,Feb,8,3,Wednesday,Weekday,No,Not applicable
20230209,2023,1,2,February,Feb,9,4,Thursday,Weekday,No,Not applicable
20230210,2023,1,2,February,Feb,10,5,Friday,Weekday,No,Not applicable
20230211,2023,1,2,February,Feb,11,6,Saturday,Weekend,No,Not applicable
20230212,2023,1,2,February,Feb,12,7,Sunday,Weekend,No,Not applicable
20230213,2023,1,2,February,Feb,13,1,Monday,Weekday,No,Not applicable
20230214,2023,1,2,February,Feb,14,2,Tuesday,Weekday,No,Not applicable
20230215,2023,1,2,February,Feb,15,3,Wednesday,Weekday,No,Not applicable
20230216,2023,1,2,February,Feb,16,4,Thursday,Weekday,No,Not applicable
20230217,2023,1,2,February,Feb,17,5,Friday,Weekday,No,Not applicable
20230218,2023,1,2,February,Feb,18,6,Saturday,Weekend,No,Not applicable
20230219,2023,1,2,February,Feb,19,7,Sunday,Weekend,No,Not applicable
20230220,2023,1,2,February,Feb,20,1,Monday,Weekday,No,Not applicable
20230221,2023,1,2,February,Feb,21,2,Tuesday,Weekday,No,Not applicable
20230222,2023,1,2,February,Feb,22,3,Wednesday,Weekday,No,Not applicable
20230223,2023,1,2,February,Feb,23,4,Thursday,Weekday,No,Not applicable
20230224,2023,1,2,February,Feb,24,5,Friday,Weekday,No,Not applicable
20230225,2023,1,2,February,Feb,25,6,Saturday,Weekend,No,Not applicable
20230226,2023,1,2,February,Feb,26,7,Sunday,Weekend,No,Not applicable
20230227,2023,1,2,February,Feb,27,1,Monday,Weekday,No,Not applicable
20230228,2023,1,2,February,Feb,28,2,Tuesday,Weekday,No,Not applicable
20230301,2023,1,3,March,Mar,1,3,Wednesday,Weekday,No,Not applicable
20230302,2023,1,3,March,Mar,2,4,Thursday,Weekday,No,Not applicable
20230303,2023,1,3,March,Mar,3,5,Friday,Weekday,No,Not applicable
20230304,2023,1,3,March,Mar,4,6,Saturday,Weekend,No,Not applicable
20230305,2023,1,3,March,Mar,5,7,Sunday,Weekend,No,Not applicable
20230306,2023,1,3,March,Mar,6,1,Monday,Weekday,No,Not applicable
20230307,2023,1,3,March,Mar,7,2,Tuesday,Weekday,No,Not applicable
20230308,2023,1,3,March,Mar,8,3,Wednesday,Weekday,No,Not applicable
20230309,2023,1,3,March,Mar,9,4,Thursday,Weekday,No,Not applicable
20230310,2023,1,3,March,Mar,10,5,Friday,Weekday,No,Not applicable
20230311,2023,1,3,March,Mar,11,6,Saturday,Weekend,No,Not applicable
20230312,2023,1,3,March,Mar,12,7,Sunday,Weekend,No,Not applicable
20230313,2023,1,3,March,Mar,13,1,Monday,Weekday,No,Not applicable
20230314,2023,1,3,March,Mar,14,2,Tuesday,Weekday,No,Not applicable
20230315,2023,1,3,March,Mar,15,3,Wednesday,Weekday,No,Not applicable
20230316,2023,1,3,March,Mar,16,4,Thursday,Weekday,No,Not applicable
20230317,2023,1,3,March,Mar,17,5,Friday,Weekday,No,Not applicable
20230318,2023,1,3,March,Mar,18,6,Saturday,Weekend,No,Not applicable
20230319,2023,1,3,March,Mar,19,7,Sunday,Weekend,No,Not applicable
20230320,2023,1,3,March,Mar,20,1,Monday,Weekday,No,Not applicable
20230321,2023,1,3,March,Mar,21,2,Tuesday,Weekday,No,Not applicable
20230322,2023,1,3,March,Mar,22,3,Wednesday,Weekday,No,Not applicable
20230323,2023,1,3,March,Mar,23,4,Thursday,Weekday,No,Not applicable
20230324,2023,1,3,March,Mar,24,5,Friday,Weekday,No,Not applicable
20230325,2023,1,3,March,Mar,25,6,Saturday,Weekend,No,Not applicable
20230326,2023,1,3,March,Mar,26,7,Sunday,Weekend,No,Not applicable
20230327,2023,1,3,March,Mar,27,1,Monday,Weekday,No,Not applicable
20230328,2023,1,3,March,Mar,28,2,Tuesday,Weekday,No,Not applicable
20230329,2023,1,3,March,Mar,29,3,Wednesday,Weekday,No,Not applicable
20230330,2023,1,3,March,Mar,30,4,Thursday,Weekday,No,Not applicable
20230331,2023,1,3,March,Mar,31,5,Friday,Weekday,No,Not applicable
20230401,2023,2,4,April,Apr,1,6,Saturday,Weekend,No,Not applicable
20230402,2023,2,4,April,Apr,2,7,Sunday,Weekend,No,Not applicable
20230403,2023,2,4,April,Apr,3,1,Monday,Weekday,No,Not applicable
20230404,2023,2,4,April,Apr,4,2,Tuesday,Weekday,No,Not applicable
20230405,2023,2,4,April,Apr,5,3,Wednesday,Weekday,No,Not applicable
20230406,2023,2,4,April,Apr,6,4,Thursday,Weekday,No,Not applicable
20230407,2023,2,4,April,Apr,7,5,Friday,Weekday,Yes,Good Friday
20230408,2023,2,4,April,Apr,8,6,Saturday,Weekend,No,Not applicable
20230409,2023,2,4,April,Apr,9,7,Sunday,Weekend,No,Not applicable
20230410,2023,2,4,April,Apr,10,1,Monday,Weekday,Yes,Easter Monday
20230411,2023,2,4,April,Apr,11,2,Tuesday,Weekday,No,Not applicable
20230412,2023,2,4,April,Apr,12,3,Wednesday,Weekday,No,Not applicable
20230413,2023,2,4,April,Apr,13,4,Thursday,Weekday,No,Not applicable
20230414,2023,2,4,April,Apr,14,5,Friday,Weekday,No,Not applicable
20230415,2023,2,4,April,Apr,15,6,Saturday,Weekend,No,Not applicable
20230416,2023,2,4,April,Apr,16,7,Sunday,Weekend,No,Not applicable
20230417,2023,2,4,April,Apr,17,1,Monday,Weekday,No,Not applicable
20230418,2023,2,4,April,Apr,18,2,Tuesday,Weekday,No,Not applicable
20230419,2023,2,4,April,Apr,19,3,Wednesday,Weekday,No,Not applicable
20230420,2023,2,4,April,Apr,20,4,Thursday,Weekday,No,Not applicable
20230421,2023,2,4,April,Apr,21,5,Friday,Weekday,No,Not applicable
20230422,2023,2,4,April,Apr,22,6,Saturday,Weekend,No,Not applicable
20230423,2023,2,4,April,Apr,23,7,Sunday,Weekend,No,Not applicable
20230424,2023,2,4,April,Apr,24,1,Monday,Weekday,No,Not applicable
20230425,2023,2,4,April,Apr,25,2,Tuesday,Weekday,No,Not applicable
20230426,2023,2,4,April,Apr,26,3,Wednesday,Weekday,No,Not applicable
20230427,2023,2,4,April,Apr,27,4,Thursday,Weekday,No,Not applicable
20230428,2023,2,4,April,Apr,28,5,Friday,Weekday,No,Not applicable
20230429,2023,2,4,April,Apr,29,6,Saturday,Weekend,No,Not applicable
20230430,2023,2,4,April,Apr,30,7,Sunday,Weekend,No,Not applicable
20230501,2023,2,5,May,May,1,1,Monday,Weekday,Yes,Early May bank holiday
20230502,2023,2,5,May,May,2,2,Tuesday,Weekday,No,Not applicable
20230503,2023,2,5,May,May,3,3,Wednesday,Weekday,No,Not applicable
20230504,2023,2,5,May,May,4,4,Thursday,Weekday,No,Not applicable
20230505,2023,2,5,May,May,5,5,Friday,Weekday,No,Not applicable
20230506,2023,2,5,May,May,6,6,Saturday,Weekend,No,Not applicable
20230507,2023,2,5,May,May,7,7,Sunday,Weekend,No,Not applicable
20230508,2023,2,5,May,May,8,1,Monday,Weekday,Yes,Bank holiday for the coronation of King Charles III
20230509,2023,2,5,May,May,9,2,Tuesday,Weekday,No,Not applicable
20230510,2023,2,5,May,May,10,3,Wednesday,Weekday,No,Not applicable
20230511,2023,2,5,May,May,11,4,Thursday,Weekday,No,Not applicable
20230512,2023,2,5,May,May,12,5,Friday,Weekday,No,Not applicable
20230513,2023,2,5,May,May,13,6,Saturday,Weekend,No,Not applicable
20230514,2023,2,5,May,May,14,7,Sunday,Weekend,No,Not applicable
20230515,2023,2,5,May,May,15,1,Monday,Weekday,No,Not applicable
20230516,2023,2,5,May,May,16,2,Tuesday,Weekday,No,Not applicable
20230517,2023,2,5,May,May,17,3,Wednesday,Weekday,No,Not applicable
20230518,2023,2,5,May,May,18,4,Thursday,Weekday,No,Not applicable
20230519,2023,2,5,May,May,19,5,Friday,Weekday,No,Not applicable
20230520,2023,2,5,May,May,20,6,Saturday,Weekend,No,Not applicable
20230521,2023,2,5,May,May,21,7,Sunday,Weekend,No,Not applicable
20230522,2023,2,5,May,May,22,1,Monday,Weekday,No,Not applicable
20230523,2023,2,5,May,May,23,2,Tuesday,Weekday,No,Not applicable
20230524,2023,2,5,May,May,24,3,Wednesday,Weekday,No,Not applicable
20230525,2023,2,5,May,May,25,4,Thursday,Weekday,No,Not applicable
20230526,2023,2,5,May,May,26,5,Friday,Weekday,No,Not applicable
20230527,2023,2,5,May,May,27,6,Saturday,Weekend,No,Not applicable
20230528,2023,2,5,May,May,28,7,Sunday,Weekend,No,Not applicable
20230529,2023,2,5,May,May,29,1,Monday,Weekday,Yes,Spring bank holiday
20230530,2023,2,5,May,May,30,2,Tuesday,Weekday,No,Not applicable
20230531,2023,2,5,May,May,31,3,Wednesday,Weekday,No,Not applicable
20230601,2023,2,6,June,Jun,1,4,Thursday,Weekday,No,Not applicable
20230602,2023,2,6,June,Jun,2,5,Friday,Weekday,No,Not applicable
20230603,2023,2,6,June,Jun,3,6,Saturday,Weekend,No,Not applicable
20230604,2023,2,6,June,Jun,4,7,Sunday,Weekend,No,Not applicable
20230605,2023,2,6,June,Jun,5,1,Monday,Weekday,No,Not applicable
20230606,2023,2,6,June,Jun,6,2,Tuesday,Weekday,No,Not applicable
20230607,2023,2,6,June,Jun,7,3,Wednesday,Weekday,No,Not applicable
20230608,2023,2,6,June,Jun,8,4,Thursday,Weekday,No,Not applicable
20230609,2023,2,6,June,Jun,9,5,Friday,Weekday,No,Not applicable
20230610,2023,2,6,June,Jun,10,6,Saturday,Weekend,No,Not applicable
20230611,2023,2,6,June,Jun,11,7,Sunday,Weekend,No,Not applicable
20230612,2023,2,6,June,Jun,12,1,Monday,Weekday,No,Not applicable
20230613,2023,2,6,June,Jun,13,2,Tuesday,Weekday,No,Not applicable
20230614,2023,2,6,June,Jun,14,3,Wednesday,Weekday,No,Not applicable
20230615,2023,2,6,June,Jun,15,4,Thursday,Weekday,No,Not applicable
20230616,2023,2,6,June,Jun,16,5,Friday,Weekday,No,Not applicable
20230617,2023,2,6,June,Jun,17,6,Saturday,Weekend,No,Not applicable
20230618,2023,2,6,June,Jun,18,7,Sunday,Weekend,No,Not applicable
20230619,2023,2,6,June,Jun,19,1,Monday,Weekday,No,Not applicable
20230620,2023,2,6,June,Jun,20,2,Tuesday,Weekday,No,Not applicable
20230621,2023,2,6,June,Jun,21,3,Wednesday,Weekday,No,Not applicable
20230622,2023,2,6,June,Jun,22,4,Thursday,Weekday,No,Not applicable
20230623,2023,2,6,June,Jun,23,5,Friday,Weekday,No,Not applicable
20230624,2023,2,6,June,Jun,24,6,Saturday,Weekend,No,Not applicable
20230625,2023,2,6,June,Jun,25,7,Sunday,Weekend,No,Not applicable
20230626,2023,2,6,June,Jun,26,1,Monday,Weekday,No,Not applicable
20230627,2023,2,6,June,Jun,27,2,Tuesday,Weekday,No,Not applicable
20230628,2023,2,6,June,Jun,28,3,Wednesday,Weekday,No,Not applicable
20230629,2023,2,6,June,Jun,29,4,Thursday,Weekday,No,Not applicable
20230630,2023,2,6,June,Jun,30,5,Friday,Weekday,No,Not applicable
20230701,2023,3,7,July,Jul,1,6,Saturday,Weekend,No,Not applicable
20230702,2023,3,7,July,Jul,2,7,Sunday,Weekend,No,Not applicable
20230703,2023,3,7,July,Jul,3,1,Monday,Weekday,No,Not applicable
20230704,2023,3,7,July,Jul,4,2,Tuesday,Weekday,No,Not applicable
20230705,2023,3,7,July,Jul,5,3,Wednesday,Weekday,No,Not applicable
20230706,2023,3,7,July,Jul,6,4,Thursday,Weekday,No,Not applicable
20230707,2023,3,7,July,Jul,7,5,Friday,Weekday,No,Not applicable
20230708,2023,3,7,July,Jul,8,6,Saturday,Weekend,No,Not applicable
20230709,2023,3,7,July,Jul,9,7,Sunday,Weekend,No,Not applicable
20230710,2023,3,7,July,Jul,10,1,Monday,Weekday,No,Not applicable
20230711,2023,3,7,July,Jul,11,2,Tuesday,Weekday,No,Not applicable
20230712,2023,3,7,July,Jul,12,3,Wednesday,Weekday,No,Not applicable
20230713,2023,3,7,July,Jul,13,4,Thursday,Weekday,No,Not applicable
20230714,2023,3,7,July,Jul,14,5,Friday,Weekday,No,Not applicable
20230715,2023,3,7,July,Jul,15,6,Saturday,Weekend,No,Not applicable
20230716,2023,3,7,July,Jul,16,7,Sunday,Weekend,No,Not applicable
20230717,2023,3,7,July,Jul,17,1,Monday,Weekday,No,Not applicable
20230718,2023,3,7,July,Jul,18,2,Tuesday,Weekday,No,Not applicable
20230719,2023,3,7,July,Jul,19,3,Wednesday,Weekday,No,Not applicable
20230720,2023,3,7,July,Jul,20,4,Thursday,Weekday,No,Not applicable
20230721,2023,3,7,July,Jul,21,5,Friday,Weekday,No,Not applicable
20230722,2023,3,7,July,Jul,22,6,Saturday,Weekend,No,Not applicable
20230723,2023,3,7,July,Jul,23,7,Sunday,Weekend,No,Not applicable
20230724,2023,3,7,July,Jul,24,1,Monday,Weekday,No,Not applicable
20230725,2023,3,7,July,Jul,25,2,Tuesday,Weekday,No,Not applicable
20230726,2023,3,7,July,Jul,26,3,Wednesday,Weekday,No,Not applicable
20230727,2023,3,7,July,Jul,27,4,Thursday,Weekday,No,Not applicable
20230728,2023,3,7,July,Jul,28,5,Friday,Weekday,No,Not applicable
20230729,2023,3,7,July,Jul,29,6,Saturday,Weekend,No,Not applicable
20230730,2023,3,7,July,Jul,30,7,Sunday,Weekend,No,Not applicable
20230731,2023,3,7,July,Jul,31,1,Monday,Weekday,No,Not applicable
20230801,2023,3,8,August,Aug,1,2,Tuesday,Weekday,No,Not applicable
20230802,2023,3,8,August,Aug,2,3,Wednesday,Weekday,No,Not applicable
20230803,2023,3,8,August,Aug,3,4,Thursday,Weekday,No,Not applicable
20230804,2023,3,8,August,Aug,4,5,Friday,Weekday,No,Not applicable
20230805,2023,3,8,August,Aug,5,6,Saturday,Weekend,No,Not applicable
20230806,2023,3,8,August,Aug,6,7,Sunday,Weekend,No,Not applicable
20230807,2023,3,8,August,Aug,7,1,Monday,Weekday,No,Not applicable
20230808,2023,3,8,August,Aug,8,2,Tuesday,Weekday,No,Not applicable
20230809,2023,3,8,August,Aug,9,3,Wednesday,Weekday,No,Not applicable
20230810,2023,3,8,August,Aug,10,4,Thursday,Weekday,No,Not applicable
20230811,2023,3,8,August,Aug,11,5,Friday,Weekday,No,Not applicable
20230812,2023,3,8,August,Aug,12,6,Saturday,Weekend,No,Not applicable
20230813,2023,3,8,August,Aug,13,7,Sunday,Weekend,No,Not applicable
20230814,2023,3,8,August,Aug,14,1,Monday,Weekday,No,Not applicable
20230815,2023,3,8,August,Aug,15,2,Tuesday,Weekday,No,Not applicable
20230816,2023,3,8,August,Aug,16,3,Wednesday,Weekday,No,Not applicable
20230817,2023,3,8,August,Aug,17,4,Thursday,Weekday,No,Not applicable
20230818,2023,3,8,August,Aug,18,5,Friday,Weekday,No,Not applicable
20230819,2023,3,8,August,Aug,19,6,Saturday,Weekend,No,Not applicable
20230820,2023,3,8,August,Aug,20,7,Sunday,Weekend,No,Not applicable
20230821,2023,3,8,August,Aug,21,1,Monday,Weekday,No,Not applicable
20230822,2023,3,8,August,Aug,22,2,Tuesday,Weekday,No,Not applicable
20230823,2023,3,8,August,Aug,23,3,Wednesday,Weekday,No,Not applicable
20230824,2023,3,8,August,Aug,24,4,Thursday,Weekday,No,Not applicable
20230825,2023,3,8,August,Aug,25,5,Friday,Weekday,No,Not applicable
20230826,2023,3,8,August,Aug,26,6,Saturday,Weekend,No,Not applicable
20230827,2023,3,8,August,Aug,27,7,Sunday,Weekend,No,Not applicable
20230828,2023,3,8,August,Aug,28,1,Monday,Weekday,Yes,Summer bank holiday
20230829,2023,3,8,August,Aug,29,2,Tuesday,Weekday,No,Not applicable
20230830,2023,3,8,August,Aug,30,3,Wednesday,Weekday,No,Not applicable
20230831,2023,3,8,August,Aug,31,4,Thursday,Weekday,No,Not applicable
20230901,2023,3,9,September,Sep,1,5,Friday,Weekday,No,Not applicable
20230902,2023,3,9,September,Sep,2,6,Saturday,Weekend,No,Not applicable
20230903,2023,3,9,September,Sep,3,7,Sunday,Weekend,No,Not applicable
20230904,2023,3,9,September,Sep,4,1,Monday,Weekday,No,Not applicable
20230905,2023,3,9,September,Sep,5,2,Tuesday,Weekday,No,Not applicable
20230906,2023,3,9,September,Sep,6,3,Wednesday,Weekday,No,Not applicable
20230907,2023,3,9,September,Sep,7,4,Thursday,Weekday,No,Not applicable
20230908,2023,3,9,September,Sep,8,5,Friday,Weekday,No,Not applicable
20230909,2023,3,9,September,Sep,9,6,Saturday,Weekend,No,Not applicable
20230910,2023,3,9,September,Sep,10,7,Sunday,Weekend,No,Not applicable
20230911,2023,3,9,September,Sep,11,1,Monday,Weekday,No,Not applicable
20230912,2023,3,9,September,Sep,12,2,Tuesday,Weekday,No,Not applicable
20230913,2023,3,9,September,Sep,13,3,Wednesday,Weekday,No,Not applicable
20230914,2023,3,9,September,Sep,14,4,Thursday,Weekday,No,Not applicable
20230915,2023,3,9,September,Sep,15,5,Friday,Weekday,No,Not applicable
20230916,2023,3,9,September,Sep,16,6,Saturday,Weekend,No,Not applicable
20230917,2023,3,9,September,Sep,17,7,Sunday,Weekend,No,Not applicable
20230918,2023,3,9,September,Sep,18,1,Monday,Weekday,No,Not applicable
20230919,2023,3,9,September,Sep,19,2,Tuesday,Weekday,No,Not applicable
20230920,2023,3,9,September,Sep,20,3,Wednesday,Weekday,No,Not applicable
20230921,2023,3,9,September,Sep,21,4,Thursday,Weekday,No,Not applicable
20230922,2023,3,9,September,Sep,22,5,Friday,Weekday,No,Not applicable
20230923,2023,3,9,September,Sep,23,6,Saturday,Weekend,No,Not applicable
20230924,2023,3,9,September,Sep,24,7,Sunday,Weekend,No,Not applicable
20230925,2023,3,9,September,Sep,25,1,Monday,Weekday,No,Not applicable
20230926,2023,3,9,September,Sep,26,2,Tuesday,Weekday,No,Not applicable
20230927,2023,3,9,September,Sep,27,3,Wednesday,Weekday,No,Not applicable
20230928,2023,3,9,September,Sep,28,4,Thursday,Weekday,No,Not applicable
20230929,2023,3,9,September,Sep,29,5,Friday,Weekday,No,Not applicable
20230930,2023,3,9,September,Sep,30,6,Saturday,Weekend,No,Not applicable
20231001,2023,4,10,October,Oct,1,7,Sunday,Weekend,No,Not applicable
20231002,2023,4,10,October,Oct,2,1,Monday,Weekday,No,Not applicable
20231003,2023,4,10,October,Oct,3,2,Tuesday,Weekday,No,Not applicable
20231004,2023,4,10,October,Oct,4,3,Wednesday,Weekday,No,Not applicable
20231005,2023,4,10,October,Oct,5,4,Thursday,Weekday,No,Not applicable
20231006,2023,4,10,October,Oct,6,5,Friday,Weekday,No,Not applicable
20231007,2023,4,10,October,Oct,7,6,Saturday,Weekend,No,Not applicable
20231008,2023,4,10,October,Oct,8,7,Sunday,Weekend,No,Not applicable
20231009,2023,4,10,October,Oct,9,1,Monday,Weekday,No,Not applicable
20231010,2023,4,10,October,Oct,10,2,Tuesday,Weekday,No,Not applicable
20231011,2023,4,10,October,Oct,11,3,Wednesday,Weekday,No,Not applicable
20231012,2023,4,10,October,Oct,12,4,Thursday,Weekday,No,Not applicable
20231013,2023,4,10,October,Oct,13,5,Friday,Weekday,No,Not applicable
20231014,2023,4,10,October,Oct,14,6,Saturday,Weekend,No,Not applicable
20231015,2023,4,10,October,Oct,15,7,Sunday,Weekend,No,Not applicable
20231016,2023,4,10,October,Oct,16,1,Monday,Weekday,No,Not applicable
20231017,2023,4,10,October,Oct,17,2,Tuesday,Weekday,No,Not applicable
20231018,2023,4,10,October,Oct,18,3,Wednesday,Weekday,No,Not applicable
20231019,2023,4,10,October,Oct,19,4,Thursday,Weekday,No,Not applicable
20231020,2023,4,10,October,Oct,20,5,Friday,Weekday,No,Not applicable
20231021,2023,4,10,October,Oct,21,6,Saturday,Weekend,No,Not applicable
20231022,2023,4,10,October,Oct,22,7,Sunday,Weekend,No,Not applicable
20231023,2023,4,10,October,Oct,23,1,Monday,Weekday,No,Not applicable
20231024,2023,4,10,October,Oct,24,2,Tuesday,Weekday,No,Not applicable
20231025,2023,4,10,October,Oct,25,3,Wednesday,Weekday,No,Not applicable
20231026,2023,4,10,October,Oct,26,4,Thursday,Weekday,No,Not applicable
20231027,2023,4,10,October,Oct,27,5,Friday,Weekday,No,Not applicable
20231028,2023,4,10,October,Oct,28,6,Saturday,Weekend,No,Not applicable
20231029,2023,4,10,October,Oct,29,7,Sunday,Weekend,No,Not applicable
20231030,2023,4,10,October,Oct,30,1,Monday,Weekday,No,Not applicable
20231031,2023,4,10,October,Oct,31,2,Tuesday,Weekday,No,Not applicable
20231101,2023,4,11,November,Nov,1,3,Wednesday,Weekday,No,Not applicable
20231102,2023,4,11,November,Nov,2,4,Thursday,Weekday,No,Not applicable
20231103,2023,4,11,November,Nov,3,5,Friday,Weekday,No,Not applicable
20231104,2023,4,11,November,Nov,4,6,Saturday,Weekend,No,Not applicable
20231105,2023,4,11,November,Nov,5,7,Sunday,Weekend,No,Not applicable
20231106,2023,4,11,November,Nov,6,1,Monday,Weekday,No,Not applicable
20231107,2023,4,11,November,Nov,7,2,Tuesday,Weekday,No,Not applicable
20231108,2023,4,11,November,Nov,8,3,Wednesday,Weekday,No,Not applicable
20231109,2023,4,11,November,Nov,9,4,Thursday,Weekday,No,Not applicable
20231110,2023,4,11,November,Nov,10,5,Friday,Weekday,No,Not applicable
20231111,2023,4,11,November,Nov,11,6,Saturday,Weekend,No,Not applicable
20231112,2023,4,11,November,Nov,12,7,Sunday,Weekend,No,Not applicable
20231113,2023,4,11,November,Nov,13,1,Monday,Weekday,No,Not applicable
20231114,2023,4,11,November,Nov,14,2,Tuesday,Weekday,No,Not applicable
20231115,2023,4,11,November,Nov,15,3,Wednesday,Weekday,No,Not applicable
20231116,2023,4,11,November,Nov,16,4,Thursday,Weekday,No,Not applicable
20231117,2023,4,11,November,Nov,17,5,Friday,Weekday,No,Not applicable
20231118,2023,4,11,November,Nov,18,6,Saturday,Weekend,No,Not applicable
20231119,2023,4,11,November,Nov,19,7,Sunday,Weekend,No,Not applicable
20231120,2023,4,11,November,Nov,20,1,Monday,Weekday,No,Not applicable
20231121,2023,4,11,November,Nov,21,2,Tuesday,Weekday,No,Not applicable
20231122,2023,4,11,November,Nov,22,3,Wednesday,Weekday,No,Not applicable
20231123,2023,4,11,November,Nov,23,4,Thursday,Weekday,No,Not applicable
20231124,2023,4,11,November,Nov,24,5,Friday,Weekday,No,Not applicable
20231125,2023,4,11,November,Nov,25,6,Saturday,Weekend,No,Not applicable
20231126,2023,4,11,November,Nov,26,7,Sunday,Weekend,No,Not applicable
20231127,2023,4,11,November,Nov,27,1,Monday,Weekday,No,Not applicable
20231128,2023,4,11,November,Nov,28,2,Tuesday,Weekday,No,Not applicable
20231129,2023,4,11,November,Nov,29,3,Wednesday,Weekday,No,Not applicable
20231130,2023,4,11,November,Nov,30,4,Thursday,Weekday,No,Not applicable
20231201,2023,4,12,December,Dec,1,5,Friday,Weekday,No,Not applicable
20231202,2023,4,12,December,Dec,2,6,Saturday,Weekend,No,Not applicable
20231203,2023,4,12,December,Dec,3,7,Sunday,Weekend,No,Not applicable
20231204,2023,4,12,December,Dec,4,1,Monday,Weekday,No,Not applicable
20231205,2023,4,12,December,Dec,5,2,Tuesday,Weekday,No,Not applicable
20231206,2023,4,12,December,Dec,6,3,Wednesday,Weekday,No,Not applicable
20231207,2023,4,12,December,Dec,7,4,Thursday,Weekday,No,Not applicable
20231208,2023,4,12,December,Dec,8,5,Friday,Weekday,No,Not applicable
20231209,2023,4,12,December,Dec,9,6,Saturday,Weekend,No,Not applicable
20231210,2023,4,12,December,Dec,10,7,Sunday,Weekend,No,Not applicable
20231211,2023,4,12,December,Dec,11,1,Monday,Weekday,No,Not applicable
20231212,2023,4,12,December,Dec,12,2,Tuesday,Weekday,No,Not applicable
20231213,2023,4,12,December,Dec,13,3,Wednesday,Weekday,No,Not applicable
20231214,2023,4,12,December,Dec,14,4,Thursday,Weekday,No,Not applicable
20231215,2023,4,12,December,Dec,15,5,Friday,Weekday,No,Not applicable
20231216,2023,4,12,December,Dec,16,6,Saturday,Weekend,No,Not applicable
20231217,2023,4,12,December,Dec,17,7,Sunday,Weekend,No,Not applicable
20231218,2023,4,12,December,Dec,18,1,Monday,Weekday,No,Not applicable
20231219,2023,4,12,December,Dec,19,2,Tuesday,Weekday,No,Not applicable
20231220,2023,4,12,December,Dec,20,3,Wednesday,Weekday,No,Not applicable
20231221,2023,4,12,December,Dec,21,4,Thursday,Weekday,No,Not applicable
20231222,2023,4,12,December,Dec,22,5,Friday,Weekday,No,Not applicable
20231223,2023,4,12,December,Dec,23,6,Saturday,Weekend,No,Not applicable
20231224,2023,4,12,December,Dec,24,7,Sunday,Weekend,No,Not applicable
20231225,2023,4,12,December,Dec,25,1,Monday,Weekday,Yes,Christmas Day
20231226,2023,4,12,December,Dec,26,2,Tuesday,Weekday,Yes,Boxing Day
20231227,2023,4,12,December,Dec,27,3,Wednesday,Weekday,No,Not applicable
20231228,2023,4,12,December,Dec,28,4,Thursday,Weekday,No,Not applicable
20231229,2023,4,12,December,Dec,29,5,Friday,Weekday,No,Not applicable
20231230,2023,4,12,December,Dec,30,6,Saturday,Weekend,No,Not applicable
20231231,2023,4,12,December,Dec,31,7,Sunday,Weekend,No,Not applicable
20240101,2024,1,1,January,Jan,1,1,Monday,Weekday,Yes,New Year’s Day
20240102,2024,1,1,January,Jan,2,2,Tuesday,Weekday,No,Not applicable
20240103,2024,1,1,January,Jan,3,3,Wednesday,Weekday,No,Not applicable
20240104,2024,1,1,January,Jan,4,4,Thursday,Weekday,No,Not applicable
20240105,2024,1,1,January,Jan,5,5,Friday,Weekday,No,Not applicable
20240106,2024,1,1,January,Jan,6,6,Saturday,Weekend,No,Not applicable
20240107,2024,1,1,January,Jan,7,7,Sunday,Weekend,No,Not applicable
20240108,2024,1,1,January,Jan,8,1,Monday,Weekday,No,Not applicable
20240109,2024,1,1,January,Jan,9,2,Tuesday,Weekday,No,Not applicable
20240110,2024,1,1,January,Jan,10,3,Wednesday,Weekday,No,Not applicable
20240111,2024,1,1,January,Jan,11,4,Thursday,Weekday,No,Not applicable
20240112,2024,1,1,January,Jan,12,5,Friday,Weekday,No,Not applicable
20240113,2024,1,1,January,Jan,13,6,Saturday,Weekend,No,Not applicable
20240114,2024,1,1,January,Jan,14,7,Sunday,Weekend,No,Not applicable
20240115,2024,1,1,January,Jan,15,1,Monday,Weekday,No,Not applicable
20240116,2024,1,1,January,Jan,16,2,Tuesday,Weekday,No,Not applicable
20240117,2024,1,1,January,Jan,17,3,Wednesday,Weekday,No,Not applicable
20240118,2024,1,1,January,Jan,18,4,Thursday,Weekday,No,Not applicable
20240119,2024,1,1,January,Jan,19,5,Friday,Weekday,No,Not applicable
20240120,2024,1,1,January,Jan,20,6,Saturday,Weekend,No,Not applicable
20240121,2024,1,1,January,Jan,21,7,Sunday,Weekend,No,Not applicable
20240122,2024,1,1,January,Jan,22,1,Monday,Weekday,No,Not applicable
20240123,2024,1,1,January,Jan,23,2,Tuesday,Weekday,No,Not applicable
20240124,2024,1,1,January,Jan,24,3,Wednesday,Weekday,No,Not applicable
20240125,2024,1,1,January,Jan,25,4,Thursday,Weekday,No,Not applicable
20240126,2024,1,1,January,Jan,26,5,Friday,Weekday,No,Not applicable
20240127,2024,1,1,January,Jan,27,6,Saturday,Weekend,No,Not applicable
20240128,2024,1,1,January,Jan,28,7,Sunday,Weekend,No,Not applicable
20240129,2024,1,1,January,Jan,29,1,Monday,Weekday,No,Not applicable
20240130,2024,1,1,January,Jan,30,2,Tuesday,Weekday,No,Not applicable
20240131,2024,1,1,January,Jan,31,3,Wednesday,Weekday,No,Not applicable
20240201,2024,1,2,February,Feb,1,4,Thursday,Weekday,No,Not applicable
20240202,2024,1,2,February,Feb,2,5,Friday,Weekday,No,Not applicable
20240203,2024,1,2,February,Feb,3,6,Saturday,Weekend,No,Not applicable
20240204,2024,1,2,February,Feb,4,7,Sunday,Weekend,No,Not applicable
20240205,2024,1,2,February,Feb,5,1,Monday,Weekday,No,Not applicable
20240206,2024,1,2,February,Feb,6,2,Tuesday,Weekday,No,Not applicable
20240207,2024,1,2,February,Feb,7,3,Wednesday,Weekday,No,Not applicable
20240208,2024,1,2,February,Feb,8,4,Thursday,Weekday,No,Not applicable
20240209,2024,1,2,February,Feb,9,5,Friday,Weekday,No,Not applicable
20240210,2024,1,2,February,Feb,10,6,Saturday,Weekend,No,Not applicable
20240211,2024,1,2,February,Feb,11,7,Sunday,Weekend,No,Not applicable
20240212,2024,1,2,February,Feb,12,1,Monday,Weekday,No,Not applicable
20240213,2024,1,2,February,Feb,13,2,Tuesday,Weekday,No,Not applicable
20240214,2024,1,2,February,Feb,14,3,Wednesday,Weekday,No,Not applicable
20240215,2024,1,2,February,Feb,15,4,Thursday,Weekday,No,Not applicable
20240216,2024,1,2,February,Feb,16,5,Friday,Weekday,No,Not applicable
20240217,2024,1,2,February,Feb,17,6,Saturday,Weekend,No,Not applicable
20240218,2024,1,2,February,Feb,18,7,Sunday,Weekend,No,Not applicable
20240219,2024,1,2,February,Feb,19,1,Monday,Weekday,No,Not applicable
20240220,2024,1,2,February,Feb,20,2,Tuesday,Weekday,No,Not applicable
20240221,2024,1,2,February,Feb,21,3,Wednesday,Weekday,No,Not applicable
20240222,2024,1,2,February,Feb,22,4,Thursday,Weekday,No,Not applicable
20240223,2024,1,2,February,Feb,23,5,Friday,Weekday,No,Not applicable
20240224,2024,1,2,February,Feb,24,6,Saturday,Weekend,No,Not applicable
20240225,2024,1,2,February,Feb,25,7,Sunday,Weekend,No,Not applicable
20240226,2024,1,2,February,Feb,26,1,Monday,Weekday,No,Not applicable
20240227,2024,1,2,February,Feb,27,2,Tuesday,Weekday,No,Not applicable
20240228,2024,1,2,February,Feb,28,3,Wednesday,Weekday,No,Not applicable
20240229,2024,1,2,February,Feb,29,4,Thursday,Weekday,No,Not applicable
20240301,2024,1,3,March,Mar,1,5,Friday,Weekday,No,Not applicable
20240302,2024,1,3,March,Mar,2,6,Saturday,Weekend,No,Not applicable
20240303,2024,1,3,March,Mar,3,7,Sunday,Weekend,No,Not applicable
20240304,2024,1,3,March,Mar,4,1,Monday,Weekday,No,Not applicable
20240305,2024,1,3,March,Mar,5,2,Tuesday,Weekday,No,Not applicable
20240306,2024,1,3,March,Mar,6,3,Wednesday,Weekday,No,Not applicable
20240307,2024,1,3,March,Mar,7,4,Thursday,Weekday,No,Not applicable
20240308,2024,1,3,March,Mar,8,5,Friday,Weekday,No,Not applicable
20240309,2024,1,3,March,Mar,9,6,Saturday,Weekend,No,Not applicable
20240310,2024,1,3,March,Mar,10,7,Sunday,Weekend,No,Not applicable
20240311,2024,1,3,March,Mar,11,1,Monday,Weekday,No,Not applicable
20240312,2024,1,3,March,Mar,12,2,Tuesday,Weekday,No,Not applicable
20240313,2024,1,3,March,Mar,13,3,Wednesday,Weekday,No,Not applicable
20240314,2024,1,3,March,Mar,14,4,Thursday,Weekday,No,Not applicable
20240315,2024,1,3,March,Mar,15,5,Friday,Weekday,No,Not applicable
20240316,2024,1,3,March,Mar,16,6,Saturday,Weekend,No,Not applicable
20240317,2024,1,3,March,Mar,17,7,Sunday,Weekend,No,Not applicable
20240318,2024,1,3,March,Mar,18,1,Monday,Weekday,No,Not applicable
20240319,2024,1,3,March,Mar,19,2,Tuesday,Weekday,No,Not applicable
20240320,2024,1,3,March,Mar,20,3,Wednesday,Weekday,No,Not applicable
20240321,2024,1,3,March,Mar,21,4,Thursday,Weekday,No,Not applicable
20240322,2024,1,3,March,Mar,22,5,Friday,Weekday,No,Not applicable
20240323,2024,1,3,March,Mar,23,6,Saturday,Weekend,No,Not applicable
20240324,2024,1,3,March,Mar,24,7,Sunday,Weekend,No,Not applicable
20240325,2024,1,3,March,Mar,25,1,Monday,Weekday,No,Not applicable
20240326,2024,1,3,March,Mar,26,2,Tuesday,Weekday,No,Not applicable
20240327,2024,1,3,March,Mar,27,3,Wednesday,Weekday,No,Not applicable
20240328,2024,1,3,March,Mar,28,4,Thursday,Weekday,No,Not applicable
20240329,2024,1,3,March,Mar,29,5,Friday,Weekday,Yes,Good Friday
20240330,2024,1,3,March,Mar,30,6,Saturday,Weekend,No,Not applicable
20240331,2024,1,3,March,Mar,31,7,Sunday,Weekend,No,Not applicable
20240401,2024,2,4,April,Apr,1,1,Monday,Weekday,Yes,Easter Monday
20240402,2024,2,4,April,Apr,2,2,Tuesday,Weekday,No,Not applicable
20240403,2024,2,4,April,Apr,3,3,Wednesday,Weekday,No,Not applicable
20240404,2024,2,4,April,Apr,4,4,Thursday,Weekday,No,Not applicable
20240405,2024,2,4,April,Apr,5,5,Friday,Weekday,No,Not applicable
20240406,2024,2,4,April,Apr,6,6,Saturday,Weekend,No,Not applicable
20240407,2024,2,4,April,Apr,7,7,Sunday,Weekend,No,Not applicable
20240408,2024,2,4,April,Apr,8,1,Monday,Weekday,No,Not applicable
20240409,2024,2,4,April,Apr,9,2,Tuesday,Weekday,No,Not applicable
20240410,2024,2,4,April,Apr,10,3,Wednesday,Weekday,No,Not applicable
20240411,2024,2,4,April,Apr,11,4,Thursday,Weekday,No,Not applicable
20240412,2024,2,4,April,Apr,12,5,Friday,Weekday,No,Not applicable
20240413,2024,2,4,April,Apr,13,6,Saturday,Weekend,No,Not applicable
20240414,2024,2,4,April,Apr,14,7,Sunday,Weekend,No,Not applicable
20240415,2024,2,4,April,Apr,15,1,Monday,Weekday,No,Not applicable
20240416,2024,2,4,April,Apr,16,2,Tuesday,Weekday,No,Not applicable
20240417,2024,2,4,April,Apr,17,3,Wednesday,Weekday,No,Not applicable
20240418,2024,2,4,April,Apr,18,4,Thursday,Weekday,No,Not applicable
20240419,2024,2,4,April,Apr,19,5,Friday,Weekday,No,Not applicable
20240420,2024,2,4,April,Apr,20,6,Saturday,Weekend,No,Not applicable
20240421,2024,2,4,April,Apr,21,7,Sunday,Weekend,No,Not applicable
20240422,2024,2,4,April,Apr,22,1,Monday,Weekday,No,Not applicable
20240423,2024,2,4,April,Apr,23,2,Tuesday,Weekday,No,Not applicable
20240424,2024,2,4,April,Apr,24,3,Wednesday,Weekday,No,Not applicable
20240425,2024,2,4,April,Apr,25,4,Thursday,Weekday,No,Not applicable
20240426,2024,2,4,April,Apr,26,5,Friday,Weekday,No,Not applicable
20240427,2024,2,4,April,Apr,27,6,Saturday,Weekend,No,Not applicable
20240428,2024,2,4,April,Apr,28,7,Sunday,Weekend,No,Not applicable
20240429,2024,2,4,April,Apr,29,1,Monday,Weekday,No,Not applicable
20240430,2024,2,4,April,Apr,30,2,Tuesday,Weekday,No,Not applicable
20240501,2024,2,5,May,May,1,3,Wednesday,Weekday,No,Not applicable
20240502,2024,2,5,May,May,2,4,Thursday,Weekday,No,Not applicable
20240503,2024,2,5,May,May,3,5,Friday,Weekday,No,Not applicable
20240504,2024,2,5,May,May,4,6,Saturday,Weekend,No,Not applicable
20240505,2024,2,5,May,May,5,7,Sunday,Weekend,No,Not applicable
20240506,2024,2,5,May,May,6,1,Monday,Weekday,Yes,Early May bank holiday
20240507,2024,2,5,May,May,7,2,Tuesday,Weekday,No,Not applicable
20240508,2024,2,5,May,May,8,3,Wednesday,Weekday,No,Not applicable
20240509,2024,2,5,May,May,9,4,Thursday,Weekday,No,Not applicable
20240510,2024,2,5,May,May,10,5,Friday,Weekday,No,Not applicable
20240511,2024,2,5,May,May,11,6,Saturday,Weekend,No,Not applicable
20240512,2024,2,5,May,May,12,7,Sunday,Weekend,No,Not applicable
20240513,2024,2,5,May,May,13,1,Monday,Weekday,No,Not applicable
20240514,2024,2,5,May,May,14,2,Tuesday,Weekday,No,Not applicable
20240515,2024,2,5,May,May,15,3,Wednesday,Weekday,No,Not applicable
20240516,2024,2,5,May,May,16,4,Thursday,Weekday,No,Not applicable
20240517,2024,2,5,May,May,17,5,Friday,Weekday,No,Not applicable
20240518,2024,2,5,May,May,18,6,Saturday,Weekend,No,Not applicable
20240519,2024,2,5,May,May,19,7,Sunday,Weekend,No,Not applicable
20240520,2024,2,5,May,May,20,1,Monday,Weekday,No,Not applicable
20240521,2024,2,5,May,May,21,2,Tuesday,Weekday,No,Not applicable
20240522,2024,2,5,May,May,22,3,Wednesday,Weekday,No,Not applicable
20240523,2024,2,5,May,May,23,4,Thursday,Weekday,No,Not applicable
20240524,2024,2,5,May,May,24,5,Friday,Weekday,No,Not applicable
20240525,2024,2,5,May,May,25,6,Saturday,Weekend,No,Not applicable
20240526,2024,2,5,May,May,26,7,Sunday,Weekend,No,Not applicable
20240527,2024,2,5,May,May,27,1,Monday,Weekday,Yes,Spring bank holiday
20240528,2024,2,5,May,May,28,2,Tuesday,Weekday,No,Not applicable
20240529,2024,2,5,May,May,29,3,Wednesday,Weekday,No,Not applicable
20240530,2024,2,5,May,May,30,4,Thursday,Weekday,No,Not applicable
20240531,2024,2,5,May,May,31,5,Friday,Weekday,No,Not applicable
20240601,2024,2,6,June,Jun,1,6,Saturday,Weekend,No,Not applicable
20240602,2024,2,6,June,Jun,2,7,Sunday,Weekend,No,Not applicable
20240603,2024,2,6,June,Jun,3,1,Monday,Weekday,No,Not applicable
20240604,2024,2,6,June,Jun,4,2,Tuesday,Weekday,No,Not applicable
20240605,2024,2,6,June,Jun,5,3,Wednesday,Weekday,No,Not applicable
20240606,2024,2,6,June,Jun,6,4,Thursday,Weekday,No,Not applicable
20240607,2024,2,6,June,Jun,7,5,Friday,Weekday,No,Not applicable
20240608,2024,2,6,June,Jun,8,6,Saturday,Weekend,No,Not applicable
20240609,2024,2,6,June,Jun,9,7,Sunday,Weekend,No,Not applicable
20240610,2024,2,6,June,Jun,10,1,Monday,Weekday,No,Not applicable
20240611,2024,2,6,June,Jun,11,2,Tuesday,Weekday,No,Not applicable
20240612,2024,2,6,June,Jun,12,3,Wednesday,Weekday,No,Not applicable
20240613,2024,2,6,June,Jun,13,4,Thursday,Weekday,No,Not applicable
20240614,2024,2,6,June,Jun,14,5,Friday,Weekday,No,Not applicable
20240615,2024,2,6,June,Jun,15,6,Saturday,Weekend,No,Not applicable
20240616,2024,2,6,June,Jun,16,7,Sunday,Weekend,No,Not applicable
20240617,2024,2,6,June,Jun,17,1,Monday,Weekday,No,Not applicable
20240618,2024,2,6,June,Jun,18,2,Tuesday,Weekday,No,Not applicable
20240619,2024,2,6,June,Jun,19,3,Wednesday,Weekday,No,Not applicable
20240620,2024,2,6,June,Jun,20,4,Thursday,Weekday,No,Not applicable
20240621,2024,2,6,June,Jun,21,5,Friday,Weekday,No,Not applicable
20240622,2024,2,6,June,Jun,22,6,Saturday,Weekend,No,Not applicable
20240623,2024,2,6,June,Jun,23,7,Sunday,Weekend,No,Not applicable
20240624,2024,2,6,June,Jun,24,1,Monday,Weekday,No,Not applicable
20240625,2024,2,6,June,Jun,25,2,Tuesday,Weekday,No,Not applicable
20240626,2024,2,6,June,Jun,26,3,Wednesday,Weekday,No,Not applicable
20240627,2024,2,6,June,Jun,27,4,Thursday,Weekday,No,Not applicable
20240628,2024,2,6,June,Jun,28,5,Friday,Weekday,No,Not applicable
20240629,2024,2,6,June,Jun,29,6,Saturday,Weekend,No,Not applicable
20240630,2024,2,6,June,Jun,30,7,Sunday,Weekend,No,Not applicable
20240701,2024,3,7,July,Jul,1,1,Monday,Weekday,No,Not applicable
20240702,2024,3,7,July,Jul,2,2,Tuesday,Weekday,No,Not applicable
20240703,2024,3,7,July,Jul,3,3,Wednesday,Weekday,No,Not applicable
20240704,2024,3,7,July,Jul,4,4,Thursday,Weekday,No,Not applicable
20240705,2024,3,7,July,Jul,5,5,Friday,Weekday,No,Not applicable
20240706,2024,3,7,July,Jul,6,6,Saturday,Weekend,No,Not applicable
20240707,2024,3,7,July,Jul,7,7,Sunday,Weekend,No,Not applicable
20240708,2024,3,7,July,Jul,8,1,Monday,Weekday,No,Not applicable
20240709,2024,3,7,July,Jul,9,2,Tuesday,Weekday,No,Not applicable
20240710,2024,3,7,July,Jul,10,3,Wednesday,Weekday,No,Not applicable
20240711,2024,3,7,July,Jul,11,4,Thursday,Weekday,No,Not applicable
20240712,2024,3,7,July,Jul,12,5,Friday,Weekday,No,Not applicable
20240713,2024,3,7,July,Jul,13,6,Saturday,Weekend,No,Not applicable
20240714,2024,3,7,July,Jul,14,7,Sunday,Weekend,No,Not applicable
20240715,2024,3,7,July,Jul,15,1,Monday,Weekday,No,Not applicable
20240716,2024,3,7,July,Jul,16,2,Tuesday,Weekday,No,Not applicable
20240717,2024,3,7,July,Jul,17,3,Wednesday,Weekday,No,Not applicable
20240718,2024,3,7,July,Jul,18,4,Thursday,Weekday,No,Not applicable
20240719,2024,3,7,July,Jul,19,5,Friday,Weekday,No,Not applicable
20240720,2024,3,7,July,Jul,20,6,Saturday,Weekend,No,Not applicable
20240721,2024,3,7,July,Jul,21,7,Sunday,Weekend,No,Not applicable
20240722,2024,3,7,July,Jul,22,1,Monday,Weekday,No,Not applicable
20240723,2024,3,7,July,Jul,23,2,Tuesday,Weekday,No,Not applicable
20240724,2024,3,7,July,Jul,24,3,Wednesday,Weekday,No,Not applicable
20240725,2024,3,7,July,Jul,25,4,Thursday,Weekday,No,Not applicable
20240726,2024,3,7,July,Jul,26,5,Friday,Weekday,No,Not applicable
20240727,2024,3,7,July,Jul,27,6,Saturday,Weekend,No,Not applicable
20240728,2024,3,7,July,Jul,28,7,Sunday,Weekend,No,Not applicable
20240729,2024,3,7,July,Jul,29,1,Monday,Weekday,No,Not applicable
20240730,2024,3,7,July,Jul,30,2,Tuesday,Weekday,No,Not applicable
20240731,2024,3,7,July,Jul,31,3,Wednesday,Weekday,No,Not applicable
20240801,2024,3,8,August,Aug,1,4,Thursday,Weekday,No,Not applicable
20240802,2024,3,8,August,Aug,2,5,Friday,Weekday,No,Not applicable
20240803,2024,3,8,August,Aug,3,6,Saturday,Weekend,No,Not applicable
20240804,2024,3,8,August,Aug,4,7,Sunday,Weekend,No,Not applicable
20240805,2024,3,8,August,Aug,5,1,Monday,Weekday,No,Not applicable
20240806,2024,3,8,August,Aug,6,2,Tuesday,Weekday,No,Not applicable
20240807,2024,3,8,August,Aug,7,3,Wednesday,Weekday,No,Not applicable
20240808,2024,3,8,August,Aug,8,4,Thursday,Weekday,No,Not applicable
20240809,2024,3,8,August,Aug,9,5,Friday,Weekday,No,Not applicable
20240810,2024,3,8,August,Aug,10,6,Saturday,Weekend,No,Not applicable
20240811,2024,3,8,August,Aug,11,7,Sunday,Weekend,No,Not applicable
20240812,2024,3,8,August,Aug,12,1,Monday,Weekday,No,Not applicable
20240813,2024,3,8,August,Aug,13,2,Tuesday,Weekday,No,Not applicable
20240814,2024,3,8,August,Aug,14,3,Wednesday,Weekday,No,Not applicable
20240815,2024,3,8,August,Aug,15,4,Thursday,Weekday,No,Not applicable
20240816,2024,3,8,August,Aug,16,5,Friday,Weekday,No,Not applicable
20240817,2024,3,8,August,Aug,17,6,Saturday,Weekend,No,Not applicable
20240818,2024,3,8,August,Aug,18,7,Sunday,Weekend,No,Not applicable
20240819,2024,3,8,August,Aug,19,1,Monday,Weekday,No,Not applicable
20240820,2024,3,8,August,Aug,20,2,Tuesday,Weekday,No,Not applicable
20240821,2024,3,8,August,Aug,21,3,Wednesday,Weekday,No,Not applicable
20240822,2024,3,8,August,Aug,22,4,Thursday,Weekday,No,Not applicable
20240823,2024,3,8,August,Aug,23,5,Friday,Weekday,No,Not applicable
20240824,2024,3,8,August,Aug,24,6,Saturday,Weekend,No,Not applicable
20240825,2024,3,8,August,Aug,25,7,Sunday,Weekend,No,Not applicable
20240826,2024,3,8,August,Aug,26,1,Monday,Weekday,Yes,Summer bank holiday
20240827,2024,3,8,August,Aug,27,2,Tuesday,Weekday,No,Not applicable
20240828,2024,3,8,August,Aug,28,3,Wednesday,Weekday,No,Not applicable
20240829,2024,3,8,August,Aug,29,4,Thursday,Weekday,No,Not applicable
20240830,2024,3,8,August,Aug,30,5,Friday,Weekday,No,Not applicable
20240831,2024,3,8,August,Aug,31,6,Saturday,Weekend,No,Not applicable
20240901,2024,3,9,September,Sep,1,7,Sunday,Weekend,No,Not applicable
20240902,2024,3,9,September,Sep,2,1,Monday,Weekday,No,Not applicable
20240903,2024,3,9,September,Sep,3,2,Tuesday,Weekday,No,Not applicable
20240904,2024,3,9,September,Sep,4,3,Wednesday,Weekday,No,Not applicable
20240905,2024,3,9,September,Sep,5,4,Thursday,Weekday,No,Not applicable
20240906,2024,3,9,September,Sep,6,5,Friday,Weekday,No,Not applicable
20240907,2024,3,9,September,Sep,7,6,Saturday,Weekend,No,Not applicable
20240908,2024,3,9,September,Sep,8,7,Sunday,Weekend,No,Not applicable
20240909,2024,3,9,September,Sep,9,1,Monday,Weekday,No,Not applicable
20240910,2024,3,9,September,Sep,10,2,Tuesday,Weekday,No,Not applicable
20240911,2024,3,9,September,Sep,11,3,Wednesday,Weekday,No,Not applicable
20240912,2024,3,9,September,Sep,12,4,Thursday,Weekday,No,Not applicable
20240913,2024,3,9,September,Sep,13,5,Friday,Weekday,No,Not applicable
20240914,2024,3,9,September,Sep,14,6,Saturday,Weekend,No,Not applicable
20240915,2024,3,9,September,Sep,15,7,Sunday,Weekend,No,Not applicable
20240916,2024,3,9,September,Sep,16,1,Monday,Weekday,No,Not applicable
20240917,2024,3,9,September,Sep,17,2,Tuesday,Weekday,No,Not applicable
20240918,2024,3,9,September,Sep,18,3,Wednesday,Weekday,No,Not applicable
20240919,2024,3,9,September,Sep,19,4,Thursday,Weekday,No,Not applicable
20240920,2024,3,9,September,Sep,20,5,Friday,Weekday,No,Not applicable
20240921,2024,3,9,September,Sep,21,6,Saturday,Weekend,No,Not applicable
20240922,2024,3,9,September,Sep,22,7,Sunday,Weekend,No,Not applicable
20240923,2024,3,9,September,Sep,23,1,Monday,Weekday,No,Not applicable
20240924,2024,3,9,September,Sep,24,2,Tuesday,Weekday,No,Not applicable
20240925,2024,3,9,September,Sep,25,3,Wednesday,Weekday,No,Not applicable
20240926,2024,3,9,September,Sep,26,4,Thursday,Weekday,No,Not applicable
20240927,2024,3,9,September,Sep,27,5,Friday,Weekday,No,Not applicable
20240928,2024,3,9,September,Sep,28,6,Saturday,Weekend,No,Not applicable
20240929,2024,3,9,September,Sep,29,7,Sunday,Weekend,No,Not applicable
20240930,2024,3,9,September,Sep,30,1,Monday,Weekday,No,Not applicable
20241001,2024,4,10,October,Oct,1,2,Tuesday,Weekday,No,Not applicable
20241002,2024,4,10,October,Oct,2,3,Wednesday,Weekday,No,Not applicable
20241003,2024,4,10,October,Oct,3,4,Thursday,Weekday,No,Not applicable
20241004,2024,4,10,October,Oct,4,5,Friday,Weekday,No,Not applicable
20241005,2024,4,10,October,Oct,5,6,Saturday,Weekend,No,Not applicable
20241006,2024,4,10,October,Oct,6,7,Sunday,Weekend,No,Not applicable
20241007,2024,4,10,October,Oct,7,1,Monday,Weekday,No,Not applicable
20241008,2024,4,10,October,Oct,8,2,Tuesday,Weekday,No,Not applicable
20241009,2024,4,10,October,Oct,9,3,Wednesday,Weekday,No,Not applicable
20241010,2024,4,10,October,Oct,10,4,Thursday,Weekday,No,Not applicable
20241011,2024,4,10,October,Oct,11,5,Friday,Weekday,No,Not applicable
20241012,2024,4,10,October,Oct,12,6,Saturday,Weekend,No,Not applicable
20241013,2024,4,10,October,Oct,13,7,Sunday,Weekend,No,Not applicable
20241014,2024,4,10,October,Oct,14,1,Monday,Weekday,No,Not applicable
20241015,2024,4,10,October,Oct,15,2,Tuesday,Weekday,No,Not applicable
20241016,2024,4,10,October,Oct,16,3,Wednesday,Weekday,No,Not applicable
20241017,2024,4,10,October,Oct,17,4,Thursday,Weekday,No,Not applicable
20241018,2024,4,10,October,Oct,18,5,Friday,Weekday,No,Not applicable
20241019,2024,4,10,October,Oct,19,6,Saturday,Weekend,No,Not applicable
20241020,2024,4,10,October,Oct,20,7,Sunday,Weekend,No,Not applicable
20241021,2024,4,10,October,Oct,21,1,Monday,Weekday,No,Not applicable
20241022,2024,4,10,October,Oct,22,2,Tuesday,Weekday,No,Not applicable
20241023,2024,4,10,October,Oct,23,3,Wednesday,Weekday,No,Not applicable
20241024,2024,4,10,October,Oct,24,4,Thursday,Weekday,No,Not applicable
20241025,2024,4,10,October,Oct,25,5,Friday,Weekday,No,Not applicable
20241026,2024,4,10,October,Oct,26,6,Saturday,Weekend,No,Not applicable
20241027,2024,4,10,October,Oct,27,7,Sunday,Weekend,No,Not applicable
20241028,2024,4,10,October,Oct,28,1,Monday,Weekday,No,Not applicable
20241029,2024,4,10,October,Oct,29,2,Tuesday,Weekday,No,Not applicable
20241030,2024,4,10,October,Oct,30,3,Wednesday,Weekday,No,Not applicable
20241031,2024,4,10,October,Oct,31,4,Thursday,Weekday,No,Not applicable
20241101,2024,4,11,November,Nov,1,5,Friday,Weekday,No,Not applicable
20241102,2024,4,11,November,Nov,2,6,Saturday,Weekend,No,Not applicable
20241103,2024,4,11,November,Nov,3,7,Sunday,Weekend,No,Not applicable
20241104,2024,4,11,November,Nov,4,1,Monday,Weekday,No,Not applicable
20241105,2024,4,11,November,Nov,5,2,Tuesday,Weekday,No,Not applicable
20241106,2024,4,11,November,Nov,6,3,Wednesday,Weekday,No,Not applicable
20241107,2024,4,11,November,Nov,7,4,Thursday,Weekday,No,Not applicable
20241108,2024,4,11,November,Nov,8,5,Friday,Weekday,No,Not applicable
20241109,2024,4,11,November,Nov,9,6,Saturday,Weekend,No,Not applicable
20241110,2024,4,11,November,Nov,10,7,Sunday,Weekend,No,Not applicable
20241111,2024,4,11,November,Nov,11,1,Monday,Weekday,No,Not applicable
20241112,2024,4,11,November,Nov,12,2,Tuesday,Weekday,No,Not applicable
20241113,2024,4,11,November,Nov,13,3,Wednesday,Weekday,No,Not applicable
20241114,2024,4,11,November,Nov,14,4,Thursday,Weekday,No,Not applicable
20241115,2024,4,11,November,Nov,15,5,Friday,Weekday,No,Not applicable
20241116,2024,4,11,November,Nov,16,6,Saturday,Weekend,No,Not applicable
20241117,2024,4,11,November,Nov,17,7,Sunday,Weekend,No,Not applicable
20241118,2024,4,11,November,Nov,18,1,Monday,Weekday,No,Not applicable
20241119,2024,4,11,November,Nov,19,2,Tuesday,Weekday,No,Not applicable
20241120,2024,4,11,November,Nov,20,3,Wednesday,Weekday,No,Not applicable
20241121,2024,4,11,November,Nov,21,4,Thursday,Weekday,No,Not applicable
20241122,2024,4,11,November,Nov,22,5,Friday,Weekday,No,Not applicable
20241123,2024,4,11,November,Nov,23,6,Saturday,Weekend,No,Not applicable
20241124,2024,4,11,November,Nov,24,7,Sunday,Weekend,No,Not applicable
20241125,2024,4,11,November,Nov,25,1,Monday,Weekday,No,Not applicable
20241126,2024,4,11,November,Nov,26,2,Tuesday,Weekday,No,Not applicable
20241127,2024,4,11,November,Nov,27,3,Wednesday,Weekday,No,Not applicable
20241128,2024,4,11,November,Nov,28,4,Thursday,Weekday,No,Not applicable
20241129,2024,4,11,November,Nov,29,5,Friday,Weekday,No,Not applicable
20241130,2024,4,11,November,Nov,30,6,Saturday,Weekend,No,Not applicable
20241201,2024,4,12,December,Dec,1,7,Sunday,Weekend,No,Not applicable
20241202,2024,4,12,December,Dec,2,1,Monday,Weekday,No,Not applicable
20241203,2024,4,12,December,Dec,3,2,Tuesday,Weekday,No,Not applicable
20241204,2024,4,12,December,Dec,4,3,Wednesday,Weekday,No,Not applicable
20241205,2024,4,12,December,Dec,5,4,Thursday,Weekday,No,Not applicable
20241206,2024,4,12,December,Dec,6,5,Friday,Weekday,No,Not applicable
20241207,2024,4,12,December,Dec,7,6,Saturday,Weekend,No,Not applicable
20241208,2024,4,12,December,Dec,8,7,Sunday,Weekend,No,Not applicable
20241209,2024,4,12,December,Dec,9,1,Monday,Weekday,No,Not applicable
20241210,2024,4,12,December,Dec,10,2,Tuesday,Weekday,No,Not applicable
20241211,2024,4,12,December,Dec,11,3,Wednesday,Weekday,No,Not applicable
20241212,2024,4,12,December,Dec,12,4,Thursday,Weekday,No,Not applicable
20241213,2024,4,12,December,Dec,13,5,Friday,Weekday,No,Not applicable
20241214,2024,4,12,December,Dec,14,6,Saturday,Weekend,No,Not applicable
20241215,2024,4,12,December,Dec,15,7,Sunday,Weekend,No,Not applicable
20241216,2024,4,12,December,Dec,16,1,Monday,Weekday,No,Not applicable
20241217,2024,4,12,December,Dec,17,2,Tuesday,Weekday,No,Not applicable
20241218,2024,4,12,December,Dec,18,3,Wednesday,Weekday,No,Not applicable
20241219,2024,4,12,December,Dec,19,4,Thursday,Weekday,No,Not applicable
20241220,2024,4,12,December,Dec,20,5,Friday,Weekday,No,Not applicable
20241221,2024,4,12,December,Dec,21,6,Saturday,Weekend,No,Not applicable
20241222,2024,4,12,December,Dec,22,7,Sunday,Weekend,No,Not applicable
20241223,2024,4,12,December,Dec,23,1,Monday,Weekday,No,Not applicable
20241224,2024,4,12,December,Dec,24,2,Tuesday,Weekday,No,Not applicable
20241225,2024,4,12,December,Dec,25,3,Wednesday,Weekday,Yes,Christmas Day
20241226,2024,4,12,December,Dec,26,4,Thursday,Weekday,Yes,Boxing Day
20241227,2024,4,12,December,Dec,27,5,Friday,Weekday,No,Not applicable
20241228,2024,4,12,December,Dec,28,6,Saturday,Weekend,No,Not applicable
20241229,2024,4,12,December,Dec,29,7,Sunday,Weekend,No,Not applicable
20241230,2024,4,12,December,Dec,30,1,Monday,Weekday,No,Not applicable
20241231,2024,4,12,December,Dec,31,2,Tuesday,Weekday,No,Not applicable
20250101,2025,1,1,January,Jan,1,3,Wednesday,Weekday,Yes,New Year’s Day
20250102,2025,1,1,January,Jan,2,4,Thursday,Weekday,No,Not applicable
20250103,2025,1,1,January,Jan,3,5,Friday,Weekday,No,Not applicable
20250104,2025,1,1,January,Jan,4,6,Saturday,Weekend,No,Not applicable
20250105,2025,1,1,January,Jan,5,7,Sunday,Weekend,No,Not applicable
20250106,2025,1,1,January,Jan,6,1,Monday,Weekday,No,Not applicable
20250107,2025,1,1,January,Jan,7,2,Tuesday,Weekday,No,Not applicable
20250108,2025,1,1,January,Jan,8,3,Wednesday,Weekday,No,Not applicable
20250109,2025,1,1,January,Jan,9,4,Thursday,Weekday,No,Not applicable
20250110,2025,1,1,January,Jan,10,5,Friday,Weekday,No,Not applicable
20250111,2025,1,1,January,Jan,11,6,Saturday,Weekend,No,Not applicable
20250112,2025,1,1,January,Jan,12,7,Sunday,Weekend,No,Not applicable
20250113,2025,1,1,January,Jan,13,1,Monday,Weekday,No,Not applicable
20250114,2025,1,1,January,Jan,14,2,Tuesday,Weekday,No,Not applicable
20250115,2025,1,1,January,Jan,15,3,Wednesday,Weekday,No,Not applicable
20250116,2025,1,1,January,Jan,16,4,Thursday,Weekday,No,Not applicable
20250117,2025,1,1,January,Jan,17,5,Friday,Weekday,No,Not applicable
20250118,2025,1,1,January,Jan,18,6,Saturday,Weekend,No,Not applicable
20250119,2025,1,1,January,Jan,19,7,Sunday,Weekend,No,Not applicable
20250120,2025,1,1,January,Jan,20,1,Monday,Weekday,No,Not applicable
20250121,2025,1,1,January,Jan,21,2,Tuesday,Weekday,No,Not applicable
20250122,2025,1,1,January,Jan,22,3,Wednesday,Weekday,No,Not applicable
20250123,2025,1,1,January,Jan,23,4,Thursday,Weekday,No,Not applicable
20250124,2025,1,1,January,Jan,24,5,Friday,Weekday,No,Not applicable
20250125,2025,1,1,January,Jan,25,6,Saturday,Weekend,No,Not applicable
20250126,2025,1,1,January,Jan,26,7,Sunday,Weekend,No,Not applicable
20250127,2025,1,1,January,Jan,27,1,Monday,Weekday,No,Not applicable
20250128,2025,1,1,January,Jan,28,2,Tuesday,Weekday,No,Not applicable
20250129,2025,1,1,January,Jan,29,3,Wednesday,Weekday,No,Not applicable
20250130,2025,1,1,January,Jan,30,4,Thursday,Weekday,No,Not applicable
20250131,2025,1,1,January,Jan,31,5,Friday,Weekday,No,Not applicable
20250201,2025,1,2,February,Feb,1,6,Saturday,Weekend,No,Not applicable
20250202,2025,1,2,February,Feb,2,7,Sunday,Weekend,No,Not applicable
20250203,2025,1,2,February,Feb,3,1,Monday,Weekday,No,Not applicable
20250204,2025,1,2,February,Feb,4,2,Tuesday,Weekday,No,Not applicable
20250205,2025,1,2,February,Feb,5,3,Wednesday,Weekday,No,Not applicable
20250206,2025,1,2,February,Feb,6,4,Thursday,Weekday,No,Not applicable
20250207,2025,1,2,February,Feb,7,5,Friday,Weekday,No,Not applicable
20250208,2025,1,2,February,Feb,8,6,Saturday,Weekend,No,Not applicable
20250209,2025,1,2,February,Feb,9,7,Sunday,Weekend,No,Not applicable
20250210,2025,1,2,February,Feb,10,1,Monday,Weekday,No,Not applicable
20250211,2025,1,2,February,Feb,11,2,Tuesday,Weekday,No,Not applicable
20250212,2025,1,2,February,Feb,12,3,Wednesday,Weekday,No,Not applicable
20250213,2025,1,2,February,Feb,13,4,Thursday,Weekday,No,Not applicable
20250214,2025,1,2,February,Feb,14,5,Friday,Weekday,No,Not applicable
20250215,2025,1,2,February,Feb,15,6,Saturday,Weekend,No,Not applicable
20250216,2025,1,2,February,Feb,16,7,Sunday,Weekend,No,Not applicable
20250217,2025,1,2,February,Feb,17,1,Monday,Weekday,No,Not applicable
20250218,2025,1,2,February,Feb,18,2,Tuesday,Weekday,No,Not applicable
20250219,2025,1,2,February,Feb,19,3,Wednesday,Weekday,No,Not applicable
20250220,2025,1,2,February,Feb,20,4,Thursday,Weekday,No,Not applicable
20250221,2025,1,2,February,Feb,21,5,Friday,Weekday,No,Not applicable
20250222,2025,1,2,February,Feb,22,6,Saturday,Weekend,No,Not applicable
20250223,2025,1,2,February,Feb,23,7,Sunday,Weekend,No,Not applicable
20250224,2025,1,2,February,Feb,24,1,Monday,Weekday,No,Not applicable
20250225,2025,1,2,February,Feb,25,2,Tuesday,Weekday,No,Not applicable
20250226,2025,1,2,February,Feb,26,3,Wednesday,Weekday,No,Not applicable
20250227,2025,1,2,February,Feb,27,4,Thursday,Weekday,No,Not applicable
20250228,2025,1,2,February,Feb,28,5,Friday,Weekday,No,Not applicable
20250301,2025,1,3,March,Mar,1,6,Saturday,Weekend,No,Not applicable
20250302,2025,1,3,March,Mar,2,7,Sunday,Weekend,No,Not applicable
20250303,2025,1,3,March,Mar,3,1,Monday,Weekday,No,Not applicable
20250304,2025,1,3,March,Mar,4,2,Tuesday,Weekday,No,Not applicable
20250305,2025,1,3,March,Mar,5,3,Wednesday,Weekday,No,Not applicable
20250306,2025,1,3,March,Mar,6,4,Thursday,Weekday,No,Not applicable
20250307,2025,1,3,March,Mar,7,5,Friday,Weekday,No,Not applicable
20250308,2025,1,3,March,Mar,8,6,Saturday,Weekend,No,Not applicable
20250309,2025,1,3,March,Mar,9,7,Sunday,Weekend,No,Not applicable
20250310,2025,1,3,March,Mar,10,1,Monday,Weekday,No,Not applicable
20250311,2025,1,3,March,Mar,11,2,Tuesday,Weekday,No,Not applicable
20250312,2025,1,3,March,Mar,12,3,Wednesday,Weekday,No,Not applicable
20250313,2025,1,3,March,Mar,13,4,Thursday,Weekday,No,Not applicable
20250314,2025,1,3,March,Mar,14,5,Friday,Weekday,No,Not applicable
20250315,2025,1,3,March,Mar,15,6,Saturday,Weekend,No,Not applicable
20250316,2025,1,3,March,Mar,16,7,Sunday,Weekend,No,Not applicable
20250317,2025,1,3,March,Mar,17,1,Monday,Weekday,No,Not applicable
20250318,2025,1,3,March,Mar,18,2,Tuesday,Weekday,No,Not applicable
20250319,2025,1,3,March,Mar,19,3,Wednesday,Weekday,No,Not applicable
20250320,2025,1,3,March,Mar,20,4,Thursday,Weekday,No,Not applicable
20250321,2025,1,3,March,Mar,21,5,Friday,Weekday,No,Not applicable
20250322,2025,1,3,March,Mar,22,6,Saturday,Weekend,No,Not applicable
20250323,2025,1,3,March,Mar,23,7,Sunday,Weekend,No,Not applicable
20250324,2025,1,3,March,Mar,24,1,Monday,Weekday,No,Not applicable
20250325,2025,1,3,March,Mar,25,2,Tuesday,Weekday,No,Not applicable
20250326,2025,1,3,March,Mar,26,3,Wednesday,Weekday,No,Not applicable
20250327,2025,1,3,March,Mar,27,4,Thursday,Weekday,No,Not applicable
20250328,2025,1,3,March,Mar,28,5,Friday,Weekday,No,Not applicable
20250329,2025,1,3,March,Mar,29,6,Saturday,Weekend,No,Not applicable
20250330,2025,1,3,March,Mar,30,7,Sunday,Weekend,No,Not applicable
20250331,2025,1,3,March,Mar,31,1,Monday,Weekday,No,Not applicable
20250401,2025,2,4,April,Apr,1,2,Tuesday,Weekday,No,Not applicable
20250402,2025,2,4,April,Apr,2,3,Wednesday,Weekday,No,Not applicable
20250403,2025,2,4,April,Apr,3,4,Thursday,Weekday,No,Not applicable
20250404,2025,2,4,April,Apr,4,5,Friday,Weekday,No,Not applicable
20250405,2025,2,4,April,Apr,5,6,Saturday,Weekend,No,Not applicable
20250406,2025,2,4,April,Apr,6,7,Sunday,Weekend,No,Not applicable
20250407,2025,2,4,April,Apr,7,1,Monday,Weekday,No,Not applicable
20250408,2025,2,4,April,Apr,8,2,Tuesday,Weekday,No,Not applicable
20250409,2025,2,4,April,Apr,9,3,Wednesday,Weekday,No,Not applicable
20250410,2025,2,4,April,Apr,10,4,Thursday,Weekday,No,Not applicable
20250411,2025,2,4,April,Apr,11,5,Friday,Weekday,No,Not applicable
20250412,2025,2,4,April,Apr,12,6,Saturday,Weekend,No,Not applicable
20250413,2025,2,4,April,Apr,13,7,Sunday,Weekend,No,Not applicable
20250414,2025,2,4,April,Apr,14,1,Monday,Weekday,No,Not applicable
20250415,2025,2,4,April,Apr,15,2,Tuesday,Weekday,No,Not applicable
20250416,2025,2,4,April,Apr,16,3,Wednesday,Weekday,No,Not applicable
20250417,2025,2,4,April,Apr,17,4,Thursday,Weekday,No,Not applicable
20250418,2025,2,4,April,Apr,18,5,Friday,Weekday,Yes,Good Friday
20250419,2025,2,4,April,Apr,19,6,Saturday,Weekend,No,Not applicable
20250420,2025,2,4,April,Apr,20,7,Sunday,Weekend,No,Not applicable
20250421,2025,2,4,April,Apr,21,1,Monday,Weekday,Yes,Easter Monday
20250422,2025,2,4,April,Apr,22,2,Tuesday,Weekday,No,Not applicable
20250423,2025,2,4,April,Apr,23,3,Wednesday,Weekday,No,Not applicable
20250424,2025,2,4,April,Apr,24,4,Thursday,Weekday,No,Not applicable
20250425,2025,2,4,April,Apr,25,5,Friday,Weekday,No,Not applicable
20250426,2025,2,4,April,Apr,26,6,Saturday,Weekend,No,Not applicable
20250427,2025,2,4,April,Apr,27,7,Sunday,Weekend,No,Not applicable
20250428,2025,2,4,April,Apr,28,1,Monday,Weekday,No,Not applicable
20250429,2025,2,4,April,Apr,29,2,Tuesday,Weekday,No,Not applicable
20250430,2025,2,4,April,Apr,30,3,Wednesday,Weekday,No,Not applicable
20250501,2025,2,5,May,May,1,4,Thursday,Weekday,No,Not applicable
20250502,2025,2,5,May,May,2,5,Friday,Weekday,No,Not applicable
20250503,2025,2,5,May,May,3,6,Saturday,Weekend,No,Not applicable
20250504,2025,2,5,May,May,4,7,Sunday,Weekend,No,Not applicable
20250505,2025,2,5,May,May,5,1,Monday,Weekday,Yes,Early May bank holiday
20250506,2025,2,5,May,May,6,2,Tuesday,Weekday,No,Not applicable
20250507,2025,2,5,May,May,7,3,Wednesday,Weekday,No,Not applicable
20250508,2025,2,5,May,May,8,4,Thursday,Weekday,No,Not applicable
20250509,2025,2,5,May,May,9,5,Friday,Weekday,No,Not applicable
20250510,2025,2,5,May,May,10,6,Saturday,Weekend,No,Not applicable
20250511,2025,2,5,May,May,11,7,Sunday,Weekend,No,Not applicable
20250512,2025,2,5,May,May,12,1,Monday,Weekday,No,Not applicable
20250513,2025,2,5,May,May,13,2,Tuesday,Weekday,No,Not applicable
20250514,2025,2,5,May,May,14,3,Wednesday,Weekday,No,Not applicable
20250515,2025,2,5,May,May,15,4,Thursday,Weekday,No,Not applicable
20250516,2025,2,5,May,May,16,5,Friday,Weekday,No,Not applicable
20250517,2025,2,5,May,May,17,6,Saturday,Weekend,No,Not applicable
20250518,2025,2,5,May,May,18,7,Sunday,Weekend,No,Not applicable
20250519,2025,2,5,May,May,19,1,Monday,Weekday,No,Not applicable
20250520,2025,2,5,May,May,20,2,Tuesday,Weekday,No,Not applicable
20250521,2025,2,5,May,May,21,3,Wednesday,Weekday,No,Not applicable
20250522,2025,2,5,May,May,22,4,Thursday,Weekday,No,Not applicable
20250523,2025,2,5,May,May,23,5,Friday,Weekday,No,Not applicable
20250524,2025,2,5,May,May,24,6,Saturday,Weekend,No,Not applicable
20250525,2025,2,5,May,May,25,7,Sunday,Weekend,No,Not applicable
20250526,2025,2,5,May,May,26,1,Monday,Weekday,Yes,Spring bank holiday
20250527,2025,2,5,May,May,27,2,Tuesday,Weekday,No,Not applicable
20250528,2025,2,5,May,May,28,3,Wednesday,Weekday,No,Not applicable
20250529,2025,2,5,May,May,29,4,Thursday,Weekday,No,Not applicable
20250530,2025,2,5,May,May,30,5,Friday,Weekday,No,Not applicable
20250531,2025,2,5,May,May,31,6,Saturday,Weekend,No,Not applicable
20250601,2025,2,6,June,Jun,1,7,Sunday,Weekend,No,Not applicable
20250602,2025,2,6,June,Jun,2,1,Monday,Weekday,No,Not applicable
20250603,2025,2,6,June,Jun,3,2,Tuesday,Weekday,No,Not applicable
20250604,2025,2,6,June,Jun,4,3,Wednesday,Weekday,No,Not applicable
20250605,2025,2,6,June,Jun,5,4,Thursday,Weekday,No,Not applicable
20250606,2025,2,6,June,Jun,6,5,Friday,Weekday,No,Not applicable
20250607,2025,2,6,June,Jun,7,6,Saturday,Weekend,No,Not applicable
20250608,2025,2,6,June,Jun,8,7,Sunday,Weekend,No,Not applicable
20250609,2025,2,6,June,Jun,9,1,Monday,Weekday,No,Not applicable
20250610,2025,2,6,June,Jun,10,2,Tuesday,Weekday,No,Not applicable
20250611,2025,2,6,June,Jun,11,3,Wednesday,Weekday,No,Not applicable
20250612,2025,2,6,June,Jun,12,4,Thursday,Weekday,No,Not applicable
20250613,2025,2,6,June,Jun,13,5,Friday,Weekday,No,Not applicable
20250614,2025,2,6,June,Jun,14,6,Saturday,Weekend,No,Not applicable
20250615,2025,2,6,June,Jun,15,7,Sunday,Weekend,No,Not applicable
20250616,2025,2,6,June,Jun,16,1,Monday,Weekday,No,Not applicable
20250617,2025,2,6,June,Jun,17,2,Tuesday,Weekday,No,Not applicable
20250618,2025,2,6,June,Jun,18,3,Wednesday,Weekday,No,Not applicable
20250619,2025,2,6,June,Jun,19,4,Thursday,Weekday,No,Not applicable
20250620,2025,2,6,June,Jun,20,5,Friday,Weekday,No,Not applicable
20250621,2025,2,6,June,Jun,21,6,Saturday,Weekend,No,Not applicable
20250622,2025,2,6,June,Jun,22,7,Sunday,Weekend,No,Not applicable
20250623,2025,2,6,June,Jun,23,1,Monday,Weekday,No,Not applicable
20250624,2025,2,6,June,Jun,24,2,Tuesday,Weekday,No,Not applicable
20250625,2025,2,6,June,Jun,25,3,Wednesday,Weekday,No,Not applicable
20250626,2025,2,6,June,Jun,26,4,Thursday,Weekday,No,Not applicable
20250627,2025,2,6,June,Jun,27,5,Friday,Weekday,No,Not applicable
20250628,2025,2,6,June,Jun,28,6,Saturday,Weekend,No,Not applicable
20250629,2025,2,6,June,Jun,29,7,Sunday,Weekend,No,Not applicable
20250630,2025,2,6,June,Jun,30,1,Monday,Weekday,No,Not applicable
20250701,2025,3,7,July,Jul,1,2,Tuesday,Weekday,No,Not applicable
20250702,2025,3,7,July,Jul,2,3,Wednesday,Weekday,No,Not applicable
20250703,2025,3,7,July,Jul,3,4,Thursday,Weekday,No,Not applicable
20250704,2025,3,7,July,Jul,4,5,Friday,Weekday,No,Not applicable
20250705,2025,3,7,July,Jul,5,6,Saturday,Weekend,No,Not applicable
20250706,2025,3,7,July,Jul,6,7,Sunday,Weekend,No,Not applicable
20250707,2025,3,7,July,Jul,7,1,Monday,Weekday,No,Not applicable
20250708,2025,3,7,July,Jul,8,2,Tuesday,Weekday,No,Not applicable
20250709,2025,3,7,July,Jul,9,3,Wednesday,Weekday,No,Not applicable
20250710,2025,3,7,July,Jul,10,4,Thursday,Weekday,No,Not applicable
20250711,2025,3,7,July,Jul,11,5,Friday,Weekday,No,Not applicable
20250712,2025,3,7,July,Jul,12,6,Saturday,Weekend,No,Not applicable
20250713,2025,3,7,July,Jul,13,7,Sunday,Weekend,No,Not applicable
20250714,2025,3,7,July,Jul,14,1,Monday,Weekday,No,Not applicable
20250715,2025,3,7,July,Jul,15,2,Tuesday,Weekday,No,Not applicable
20250716,2025,3,7,July,Jul,16,3,Wednesday,Weekday,No,Not applicable
20250717,2025,3,7,July,Jul,17,4,Thursday,Weekday,No,Not applicable
20250718,2025,3,7,July,Jul,18,5,Friday,Weekday,No,Not applicable
20250719,2025,3,7,July,Jul,19,6,Saturday,Weekend,No,Not applicable
20250720,2025,3,7,July,Jul,20,7,Sunday,Weekend,No,Not applicable
20250721,2025,3,7,July,Jul,21,1,Monday,Weekday,No,Not applicable
20250722,2025,3,7,July,Jul,22,2,Tuesday,Weekday,No,Not applicable
20250723,2025,3,7,July,Jul,23,3,Wednesday,Weekday,No,Not applicable
20250724,2025,3,7,July,Jul,24,4,Thursday,Weekday,No,Not applicable
20250725,2025,3,7,July,Jul,25,5,Friday,Weekday,No,Not applicable
20250726,2025,3,7,July,Jul,26,6,Saturday,Weekend,No,Not applicable
20250727,2025,3,7,July,Jul,27,7,Sunday,Weekend,No,Not applicable
20250728,2025,3,7,July,Jul,28,1,Monday,Weekday,No,Not applicable
20250729,2025,3,7,July,Jul,29,2,Tuesday,Weekday,No,Not applicable
20250730,2025,3,7,July,Jul,30,3,Wednesday,Weekday,No,Not applicable
20250731,2025,3,7,July,Jul,31,4,Thursday,Weekday,No,Not applicable
20250801,2025,3,8,August,Aug,1,5,Friday,Weekday,No,Not applicable
20250802,2025,3,8,August,Aug,2,6,Saturday,Weekend,No,Not applicable
20250803,2025,3,8,August,Aug,3,7,Sunday,Weekend,No,Not applicable
20250804,2025,3,8,August,Aug,4,1,Monday,Weekday,No,Not applicable
20250805,2025,3,8,August,Aug,5,2,Tuesday,Weekday,No,Not applicable
20250806,2025,3,8,August,Aug,6,3,Wednesday,Weekday,No,Not applicable
20250807,2025,3,8,August,Aug,7,4,Thursday,Weekday,No,Not applicable
20250808,2025,3,8,August,Aug,8,5,Friday,Weekday,No,Not applicable
20250809,2025,3,8,August,Aug,9,6,Saturday,Weekend,No,Not applicable
20250810,2025,3,8,August,Aug,10,7,Sunday,Weekend,No,Not applicable
20250811,2025,3,8,August,Aug,11,1,Monday,Weekday,No,Not applicable
20250812,2025,3,8,August,Aug,12,2,Tuesday,Weekday,No,Not applicable
20250813,2025,3,8,August,Aug,13,3,Wednesday,Weekday,No,Not applicable
20250814,2025,3,8,August,Aug,14,4,Thursday,Weekday,No,Not applicable
20250815,2025,3,8,August,Aug,15,5,Friday,Weekday,No,Not applicable
20250816,2025,3,8,August,Aug,16,6,Saturday,Weekend,No,Not applicable
20250817,2025,3,8,August,Aug,17,7,Sunday,Weekend,No,Not applicable
20250818,2025,3,8,August,Aug,18,1,Monday,Weekday,No,Not applicable
20250819,2025,3,8,August,Aug,19,2,Tuesday,Weekday,No,Not applicable
20250820,2025,3,8,August,Aug,20,3,Wednesday,Weekday,No,Not applicable
20250821,2025,3,8,August,Aug,21,4,Thursday,Weekday,No,Not applicable
20250822,2025,3,8,August,Aug,22,5,Friday,Weekday,No,Not applicable
20250823,2025,3,8,August,Aug,23,6,Saturday,Weekend,No,Not applicable
20250824,2025,3,8,August,Aug,24,7,Sunday,Weekend,No,Not applicable
20250825,2025,3,8,August,Aug,25,1,Monday,Weekday,Yes,Summer bank holiday
20250826,2025,3,8,August,Aug,26,2,Tuesday,Weekday,No,Not applicable
20250827,2025,3,8,August,Aug,27,3,Wednesday,Weekday,No,Not applicable
20250828,2025,3,8,August,Aug,28,4,Thursday,Weekday,No,Not applicable
20250829,2025,3,8,August,Aug,29,5,Friday,Weekday,No,Not applicable
20250830,2025,3,8,August,Aug,30,6,Saturday,Weekend,No,Not applicable
20250831,2025,3,8,August,Aug,31,7,Sunday,Weekend,No,Not applicable
20250901,2025,3,9,September,Sep,1,1,Monday,Weekday,No,Not applicable
20250902,2025,3,9,September,Sep,2,2,Tuesday,Weekday,No,Not applicable
20250903,2025,3,9,September,Sep,3,3,Wednesday,Weekday,No,Not applicable
20250904,2025,3,9,September,Sep,4,4,Thursday,Weekday,No,Not applicable
20250905,2025,3,9,September,Sep,5,5,Friday,Weekday,No,Not applicable
20250906,2025,3,9,September,Sep,6,6,Saturday,Weekend,No,Not applicable
20250907,2025,3,9,September,Sep,7,7,Sunday,Weekend,No,Not applicable
20250908,2025,3,9,September,Sep,8,1,Monday,Weekday,No,Not applicable
20250909,2025,3,9,September,Sep,9,2,Tuesday,Weekday,No,Not applicable
20250910,2025,3,9,September,Sep,10,3,Wednesday,Weekday,No,Not applicable
20250911,2025,3,9,September,Sep,11,4,Thursday,Weekday,No,Not applicable
20250912,2025,3,9,September,Sep,12,5,Friday,Weekday,No,Not applicable
20250913,2025,3,9,September,Sep,13,6,Saturday,Weekend,No,Not applicable
20250914,2025,3,9,September,Sep,14,7,Sunday,Weekend,No,Not applicable
20250915,2025,3,9,September,Sep,15,1,Monday,Weekday,No,Not applicable
20250916,2025,3,9,September,Sep,16,2,Tuesday,Weekday,No,Not applicable
20250917,2025,3,9,September,Sep,17,3,Wednesday,Weekday,No,Not applicable
20250918,2025,3,9,September,Sep,18,4,Thursday,Weekday,No,Not applicable
20250919,2025,3,9,September,Sep,19,5,Friday,Weekday,No,Not applicable
20250920,2025,3,9,September,Sep,20,6,Saturday,Weekend,No,Not applicable
20250921,2025,3,9,September,Sep,21,7,Sunday,Weekend,No,Not applicable
20250922,2025,3,9,September,Sep,22,1,Monday,Weekday,No,Not applicable
20250923,2025,3,9,September,Sep,23,2,Tuesday,Weekday,No,Not applicable
20250924,2025,3,9,September,Sep,24,3,Wednesday,Weekday,No,Not applicable
20250925,2025,3,9,September,Sep,25,4,Thursday,Weekday,No,Not applicable
20250926,2025,3,9,September,Sep,26,5,Friday,Weekday,No,Not applicable
20250927,2025,3,9,September,Sep,27,6,Saturday,Weekend,No,Not applicable
20250928,2025,3,9,September,Sep,28,7,Sunday,Weekend,No,Not applicable
20250929,2025,3,9,September,Sep,29,1,Monday,Weekday,No,Not applicable
20250930,2025,3,9,September,Sep,30,2,Tuesday,Weekday,No,Not applicable
20251001,2025,4,10,October,Oct,1,3,Wednesday,Weekday,No,Not applicable
20251002,2025,4,10,October,Oct,2,4,Thursday,Weekday,No,Not applicable
20251003,2025,4,10,October,Oct,3,5,Friday,Weekday,No,Not applicable
20251004,2025,4,10,October,Oct,4,6,Saturday,Weekend,No,Not applicable
20251005,2025,4,10,October,Oct,5,7,Sunday,Weekend,No,Not applicable
20251006,2025,4,10,October,Oct,6,1,Monday,Weekday,No,Not applicable
20251007,2025,4,10,October,Oct,7,2,Tuesday,Weekday,No,Not applicable
20251008,2025,4,10,October,Oct,8,3,Wednesday,Weekday,No,Not applicable
20251009,2025,4,10,October,Oct,9,4,Thursday,Weekday,No,Not applicable
20251010,2025,4,10,October,Oct,10,5,Friday,Weekday,No,Not applicable
20251011,2025,4,10,October,Oct,11,6,Saturday,Weekend,No,Not applicable
20251012,2025,4,10,October,Oct,12,7,Sunday,Weekend,No,Not applicable
20251013,2025,4,10,October,Oct,13,1,Monday,Weekday,No,Not applicable
20251014,2025,4,10,October,Oct,14,2,Tuesday,Weekday,No,Not applicable
20251015,2025,4,10,October,Oct,15,3,Wednesday,Weekday,No,Not applicable
20251016,2025,4,10,October,Oct,16,4,Thursday,Weekday,No,Not applicable
20251017,2025,4,10,October,Oct,17,5,Friday,Weekday,No,Not applicable
20251018,2025,4,10,October,Oct,18,6,Saturday,Weekend,No,Not applicable
20251019,2025,4,10,October,Oct,19,7,Sunday,Weekend,No,Not applicable
20251020,2025,4,10,October,Oct,20,1,Monday,Weekday,No,Not applicable
20251021,2025,4,10,October,Oct,21,2,Tuesday,Weekday,No,Not applicable
20251022,2025,4,10,October,Oct,22,3,Wednesday,Weekday,No,Not applicable
20251023,2025,4,10,October,Oct,23,4,Thursday,Weekday,No,Not applicable
20251024,2025,4,10,October,Oct,24,5,Friday,Weekday,No,Not applicable
20251025,2025,4,10,October,Oct,25,6,Saturday,Weekend,No,Not applicable
20251026,2025,4,10,October,Oct,26,7,Sunday,Weekend,No,Not applicable
20251027,2025,4,10,October,Oct,27,1,Monday,Weekday,No,Not applicable
20251028,2025,4,10,October,Oct,28,2,Tuesday,Weekday,No,Not applicable
20251029,2025,4,10,October,Oct,29,3,Wednesday,Weekday,No,Not applicable
20251030,2025,4,10,October,Oct,30,4,Thursday,Weekday,No,Not applicable
20251031,2025,4,10,October,Oct,31,5,Friday,Weekday,No,Not applicable
20251101,2025,4,11,November,Nov,1,6,Saturday,Weekend,No,Not applicable
20251102,2025,4,11,November,Nov,2,7,Sunday,Weekend,No,Not applicable
20251103,2025,4,11,November,Nov,3,1,Monday,Weekday,No,Not applicable
20251104,2025,4,11,November,Nov,4,2,Tuesday,Weekday,No,Not applicable
20251105,2025,4,11,November,Nov,5,3,Wednesday,Weekday,No,Not applicable
20251106,2025,4,11,November,Nov,6,4,Thursday,Weekday,No,Not applicable
20251107,2025,4,11,November,Nov,7,5,Friday,Weekday,No,Not applicable
20251108,2025,4,11,November,Nov,8,6,Saturday,Weekend,No,Not applicable
20251109,2025,4,11,November,Nov,9,7,Sunday,Weekend,No,Not applicable
20251110,2025,4,11,November,Nov,10,1,Monday,Weekday,No,Not applicable
20251111,2025,4,11,November,Nov,11,2,Tuesday,Weekday,No,Not applicable
20251112,2025,4,11,November,Nov,12,3,Wednesday,Weekday,No,Not applicable
20251113,2025,4,11,November,Nov,13,4,Thursday,Weekday,No,Not applicable
20251114,2025,4,11,November,Nov,14,5,Friday,Weekday,No,Not applicable
20251115,2025,4,11,November,Nov,15,6,Saturday,Weekend,No,Not applicable
20251116,2025,4,11,November,Nov,16,7,Sunday,Weekend,No,Not applicable
20251117,2025,4,11,November,Nov,17,1,Monday,Weekday,No,Not applicable
20251118,2025,4,11,November,Nov,18,2,Tuesday,Weekday,No,Not applicable
20251119,2025,4,11,November,Nov,19,3,Wednesday,Weekday,No,Not applicable
20251120,2025,4,11,November,Nov,20,4,Thursday,Weekday,No,Not applicable
20251121,2025,4,11,November,Nov,21,5,Friday,Weekday,No,Not applicable
20251122,2025,4,11,November,Nov,22,6,Saturday,Weekend,No,Not applicable
20251123,2025,4,11,November,Nov,23,7,Sunday,Weekend,No,Not applicable
20251124,2025,4,11,November,Nov,24,1,Monday,Weekday,No,Not applicable
20251125,2025,4,11,November,Nov,25,2,Tuesday,Weekday,No,Not applicable
20251126,2025,4,11,November,Nov,26,3,Wednesday,Weekday,No,Not applicable
20251127,2025,4,11,November,Nov,27,4,Thursday,Weekday,No,Not applicable
20251128,2025,4,11,November,Nov,28,5,Friday,Weekday,No,Not applicable
20251129,2025,4,11,November,Nov,29,6,Saturday,Weekend,No,Not applicable
20251130,2025,4,11,November,Nov,30,7,Sunday,Weekend,No,Not applicable
20251201,2025,4,12,December,Dec,1,1,Monday,Weekday,No,Not applicable
20251202,2025,4,12,December,Dec,2,2,Tuesday,Weekday,No,Not applicable
20251203,2025,4,12,December,Dec,3,3,Wednesday,Weekday,No,Not applicable
20251204,2025,4,12,December,Dec,4,4,Thursday,Weekday,No,Not applicable
20251205,2025,4,12,December,Dec,5,5,Friday,Weekday,No,Not applicable
20251206,2025,4,12,December,Dec,6,6,Saturday,Weekend,No,Not applicable
20251207,2025,4,12,December,Dec,7,7,Sunday,Weekend,No,Not applicable
20251208,2025,4,12,December,Dec,8,1,Monday,Weekday,No,Not applicable
20251209,2025,4,12,December,Dec,9,2,Tuesday,Weekday,No,Not applicable
20251210,2025,4,12,December,Dec,10,3,Wednesday,Weekday,No,Not applicable
20251211,2025,4,12,December,Dec,11,4,Thursday,Weekday,No,Not applicable
20251212,2025,4,12,December,Dec,12,5,Friday,Weekday,No,Not applicable
20251213,2025,4,12,December,Dec,13,6,Saturday,Weekend,No,Not applicable
20251214,2025,4,12,December,Dec,14,7,Sunday,Weekend,No,Not applicable
20251215,2025,4,12,December,Dec,15,1,Monday,Weekday,No,Not applicable
20251216,2025,4,12,December,Dec,16,2,Tuesday,Weekday,No,Not applicable
20251217,2025,4,12,December,Dec,17,3,Wednesday,Weekday,No,Not applicable
20251218,2025,4,12,December,Dec,18,4,Thursday,Weekday,No,Not applicable
20251219,2025,4,12,December,Dec,19,5,Friday,Weekday,No,Not applicable
20251220,2025,4,12,December,Dec,20,6,Saturday,Weekend,No,Not applicable
20251221,2025,4,12,December,Dec,21,7,Sunday,Weekend,No,Not applicable
20251222,2025,4,12,December,Dec,22,1,Monday,Weekday,No,Not applicable
20251223,2025,4,12,December,Dec,23,2,Tuesday,Weekday,No,Not applicable
20251224,2025,4,12,December,Dec,24,3,Wednesday,Weekday,No,Not applicable
20251225,2025,4,12,December,Dec,25,4,Thursday,Weekday,Yes,Christmas Day
20251226,2025,4,12,December,Dec,26,5,Friday,Weekday,Yes,Boxing Day
20251227,2025,4,12,December,Dec,27,6,Saturday,Weekend,No,Not applicable
20251228,2025,4,12,December,Dec,28,7,Sunday,Weekend,No,Not applicable
20251229,2025,4,12,December,Dec,29,1,Monday,Weekday,No,Not applicable
20251230,2025,4,12,December,Dec,30,2,Tuesday,Weekday,No,Not applicable
20251231,2025,4,12,December,Dec,31,3,Wednesday,Weekday,No,Not applicable
20260101,2026,1,1,January,Jan,1,4,Thursday,Weekday,Yes,New Year's Day
20260102,2026,1,1,January,Jan,2,5,Friday,Weekday,No,Not applicable
20260103,2026,1,1,January,Jan,3,6,Saturday,Weekend,No,Not applicable
20260104,2026,1,1,January,Jan,4,7,Sunday,Weekend,No,Not applicable
20260105,2026,1,1,January,Jan,5,1,Monday,Weekday,No,Not applicable
20260106,2026,1,1,January,Jan,6,2,Tuesday,Weekday,No,Not applicable
20260107,2026,1,1,January,Jan,7,3,Wednesday,Weekday,No,Not applicable
20260108,2026,1,1,January,Jan,8,4,Thursday,Weekday,No,Not applicable
20260109,2026,1,1,January,Jan,9,5,Friday,Weekday,No,Not applicable
20260110,2026,1,1,January,Jan,10,6,Saturday,Weekend,No,Not applicable
20260111,2026,1,1,January,Jan,11,7,Sunday,Weekend,No,Not applicable
20260112,2026,1,1,January,Jan,12,1,Monday,Weekday,No,Not applicable
20260113,2026,1,1,January,Jan,13,2,Tuesday,Weekday,No,Not applicable
20260114,2026,1,1,January,Jan,14,3,Wednesday,Weekday,No,Not applicable
20260115,2026,1,1,January,Jan,15,4,Thursday,Weekday,No,Not applicable
20260116,2026,1,1,January,Jan,16,5,Friday,Weekday,No,Not applicable
20260117,2026,1,1,January,Jan,17,6,Saturday,Weekend,No,Not applicable
20260118,2026,1,1,January,Jan,18,7,Sunday,Weekend,No,Not applicable
20260119,2026,1,1,January,Jan,19,1,Monday,Weekday,No,Not applicable
20260120,2026,1,1,January,Jan,20,2,Tuesday,Weekday,No,Not applicable
20260121,2026,1,1,January,Jan,21,3,Wednesday,Weekday,No,Not applicable
20260122,2026,1,1,January,Jan,22,4,Thursday,Weekday,No,Not applicable
20260123,2026,1,1,January,Jan,23,5,Friday,Weekday,No,Not applicable
20260124,2026,1,1,January,Jan,24,6,Saturday,Weekend,No,Not applicable
20260125,2026,1,1,January,Jan,25,7,Sunday,Weekend,No,Not applicable
20260126,2026,1,1,January,Jan,26,1,Monday,Weekday,No,Not applicable
20260127,2026,1,1,January,Jan,27,2,Tuesday,Weekday,No,Not applicable
20260128,2026,1,1,January,Jan,28,3,Wednesday,Weekday,No,Not applicable
20260129,2026,1,1,January,Jan,29,4,Thursday,Weekday,No,Not applicable
20260130,2026,1,1,January,Jan,30,5,Friday,Weekday,No,Not applicable
20260131,2026,1,1,January,Jan,31,6,Saturday,Weekend,No,Not applicable
20260201,2026,1,2,February,Feb,1,7,Sunday,Weekend,No,Not applicable
20260202,2026,1,2,February,Feb,2,1,Monday,Weekday,No,Not applicable
20260203,2026,1,2,February,Feb,3,2,Tuesday,Weekday,No,Not applicable
20260204,2026,1,2,February,Feb,4,3,Wednesday,Weekday,No,Not applicable
20260205,2026,1,2,February,Feb,5,4,Thursday,Weekday,No,Not applicable
20260206,2026,1,2,February,Feb,6,5,Friday,Weekday,No,Not applicable
20260207,2026,1,2,February,Feb,7,6,Saturday,Weekend,No,Not applicable
20260208,2026,1,2,February,Feb,8,7,Sunday,Weekend,No,Not applicable
20260209,2026,1,2,February,Feb,9,1,Monday,Weekday,No,Not applicable
20260210,2026,1,2,February,Feb,10,2,Tuesday,Weekday,No,Not applicable
20260211,2026,1,2,February,Feb,11,3,Wednesday,Weekday,No,Not applicable
20260212,2026,1,2,February,Feb,12,4,Thursday,Weekday,No,Not applicable
20260213,2026,1,2,February,Feb,13,5,Friday,Weekday,No,Not applicable
20260214,2026,1,2,February,Feb,14,6,Saturday,Weekend,No,Not applicable
20260215,2026,1,2,February,Feb,15,7,Sunday,Weekend,No,Not applicable
20260216,2026,1,2,February,Feb,16,1,Monday,Weekday,No,Not applicable
20260217,2026,1,2,February,Feb,17,2,Tuesday,Weekday,No,Not applicable
20260218,2026,1,2,February,Feb,18,3,Wednesday,Weekday,No,Not applicable
20260219,2026,1,2,February,Feb,19,4,Thursday,Weekday,No,Not applicable
20260220,2026,1,2,February,Feb,20,5,Friday,Weekday,No,Not applicable
20260221,2026,1,2,February,Feb,21,6,Saturday,Weekend,No,Not applicable
20260222,2026,1,2,February,Feb,22,7,Sunday,Weekend,No,Not applicable
20260223,2026,1,2,February,Feb,23,1,Monday,Weekday,No,Not applicable
20260224,2026,1,2,February,Feb,24,2,Tuesday,Weekday,No,Not applicable
20260225,2026,1,2,February,Feb,25,3,Wednesday,Weekday,No,Not applicable
20260226,2026,1,2,February,Feb,26,4,Thursday,Weekday,No,Not applicable
20260227,2026,1,2,February,Feb,27,5,Friday,Weekday,No,Not applicable
20260228,2026,1,2,February,Feb,28,6,Saturday,Weekend,No,Not applicable
20260301,2026,1,3,March,Mar,1,7,Sunday,Weekend,No,Not applicable
20260302,2026,1,3,March,Mar,2,1,Monday,Weekday,No,Not applicable
20260303,2026,1,3,March,Mar,3,2,Tuesday,Weekday,No,Not applicable
20260304,2026,1,3,March,Mar,4,3,Wednesday,Weekday,No,Not applicable
20260305,2026,1,3,March,Mar,5,4,Thursday,Weekday,No,Not applicable
20260306,2026,1,3,March,Mar,6,5,Friday,Weekday,No,Not applicable
20260307,2026,1,3,March,Mar,7,6,Saturday,Weekend,No,Not applicable
20260308,2026,1,3,March,Mar,8,7,Sunday,Weekend,No,Not applicable
20260309,2026,1,3,March,Mar,9,1,Monday,Weekday,No,Not applicable
20260310,2026,1,3,March,Mar,10,2,Tuesday,Weekday,No,Not applicable
20260311,2026,1,3,March,Mar,11,3,Wednesday,Weekday,No,Not applicable
20260312,2026,1,3,March,Mar,12,4,Thursday,Weekday,No,Not applicable
20260313,2026,1,3,March,Mar,13,5,Friday,Weekday,No,Not applicable
20260314,2026,1,3,March,Mar,14,6,Saturday,Weekend,No,Not applicable
20260315,2026,1,3,March,Mar,15,7,Sunday,Weekend,No,Not applicable
20260316,2026,1,3,March,Mar,16,1,Monday,Weekday,No,Not applicable
20260317,2026,1,3,March,Mar,17,2,Tuesday,Weekday,No,Not applicable
20260318,2026,1,3,March,Mar,18,3,Wednesday,Weekday,No,Not applicable
20260319,2026,1,3,March,Mar,19,4,Thursday,Weekday,No,Not applicable
20260320,2026,1,3,March,Mar,20,5,Friday,Weekday,No,Not applicable
20260321,2026,1,3,March,Mar,21,6,Saturday,Weekend,No,Not applicable
20260322,2026,1,3,March,Mar,22,7,Sunday,Weekend,No,Not applicable
20260323,2026,1,3,March,Mar,23,1,Monday,Weekday,No,Not applicable
20260324,2026,1,3,March,Mar,24,2,Tuesday,Weekday,No,Not applicable
20260325,2026,1,3,March,Mar,25,3,Wednesday,Weekday,No,Not applicable
20260326,2026,1,3,March,Mar,26,4,Thursday,Weekday,No,Not applicable
20260327,2026,1,3,March,Mar,27,5,Friday,Weekday,No,Not applicable
20260328,2026,1,3,March,Mar,28,6,Saturday,Weekend,No,Not applicable
20260329,2026,1,3,March,Mar,29,7,Sunday,Weekend,No,Not applicable
20260330,2026,1,3,March,Mar,30,1,Monday,Weekday,No,Not applicable
20260331,2026,1,3,March,Mar,31,2,Tuesday,Weekday,No,Not applicable
20260401,2026,2,4,April,Apr,1,3,Wednesday,Weekday,No,Not applicable
20260402,2026,2,4,April,Apr,2,4,Thursday,Weekday,No,Not applicable
20260403,2026,2,4,April,Apr,3,5,Friday,Weekday,Yes,Good Friday
20260404,2026,2,4,April,Apr,4,6,Saturday,Weekend,No,Not applicable
20260405,2026,2,4,April,Apr,5,7,Sunday,Weekend,No,Not applicable
20260406,2026,2,4,April,Apr,6,1,Monday,Weekday,Yes,Easter Monday
20260407,2026,2,4,April,Apr,7,2,Tuesday,Weekday,No,Not applicable
20260408,2026,2,4,April,Apr,8,3,Wednesday,Weekday,No,Not applicable
20260409,2026,2,4,April,Apr,9,4,Thursday,Weekday,No,Not applicable
20260410,2026,2,4,April,Apr,10,5,Friday,Weekday,No,Not applicable
20260411,2026,2,4,April,Apr,11,6,Saturday,Weekend,No,Not applicable
20260412,2026,2,4,April,Apr,12,7,Sunday,Weekend,No,Not applicable
20260413,2026,2,4,April,Apr,13,1,Monday,Weekday,No,Not applicable
20260414,2026,2,4,April,Apr,14,2,Tuesday,Weekday,No,Not applicable
20260415,2026,2,4,April,Apr,15,3,Wednesday,Weekday,No,Not applicable
20260416,2026,2,4,April,Apr,16,4,Thursday,Weekday,No,Not applicable
20260417,2026,2,4,April,Apr,17,5,Friday,Weekday,No,Not applicable
20260418,2026,2,4,April,Apr,18,6,Saturday,Weekend,No,Not applicable
20260419,2026,2,4,April,Apr,19,7,Sunday,Weekend,No,Not applicable
20260420,2026,2,4,April,Apr,20,1,Monday,Weekday,No,Not applicable
20260421,2026,2,4,April,Apr,21,2,Tuesday,Weekday,No,Not applicable
20260422,2026,2,4,April,Apr,22,3,Wednesday,Weekday,No,Not applicable
20260423,2026,2,4,April,Apr,23,4,Thursday,Weekday,No,Not applicable
20260424,2026,2,4,April,Apr,24,5,Friday,Weekday,No,Not applicable
20260425,2026,2,4,April,Apr,25,6,Saturday,Weekend,No,Not applicable
20260426,2026,2,4,April,Apr,26,7,Sunday,Weekend,No,Not applicable
20260427,2026,2,4,April,Apr,27,1,Monday,Weekday,No,Not applicable
20260428,2026,2,4,April,Apr,28,2,Tuesday,Weekday,No,Not applicable
20260429,2026,2,4,April,Apr,29,3,Wednesday,Weekday,No,Not applicable
20260430,2026,2,4,April,Apr,30,4,Thursday,Weekday,No,Not applicable
20260501,2026,2,5,May,May,1,5,Friday,Weekday,No,Not applicable
20260502,2026,2,5,May,May,2,6,Saturday,Weekend,No,Not applicable
20260503,2026,2,5,May,May,3,7,Sunday,Weekend,No,Not applicable
20260504,2026,2,5,May,May,4,1,Monday,Weekday,Yes,Early May bank holiday
20260505,2026,2,5,May,May,5,2,Tuesday,Weekday,No,Not applicable
20260506,2026,2,5,May,May,6,3,Wednesday,Weekday,No,Not applicable
20260507,2026,2,5,May,May,7,4,Thursday,Weekday,No,Not applicable
20260508,2026,2,5,May,May,8,5,Friday,Weekday,No,Not applicable
20260509,2026,2,5,May,May,9,6,Saturday,Weekend,No,Not applicable
20260510,2026,2,5,May,May,10,7,Sunday,Weekend,No,Not applicable
20260511,2026,2,5,May,May,11,1,Monday,Weekday,No,Not applicable
20260512,2026,2,5,May,May,12,2,Tuesday,Weekday,No,Not applicable
20260513,2026,2,5,May,May,13,3,Wednesday,Weekday,No,Not applicable
20260514,2026,2,5,May,May,14,4,Thursday,Weekday,No,Not applicable
20260515,2026,2,5,May,May,15,5,Friday,Weekday,No,Not applicable
20260516,2026,2,5,May,May,16,6,Saturday,Weekend,No,Not applicable
20260517,2026,2,5,May,May,17,7,Sunday,Weekend,No,Not applicable
20260518,2026,2,5,May,May,18,1,Monday,Weekday,No,Not applicable
20260519,2026,2,5,May,May,19,2,Tuesday,Weekday,No,Not applicable
20260520,2026,2,5,May,May,20,3,Wednesday,Weekday,No,Not applicable
20260521,2026,2,5,May,May,21,4,Thursday,Weekday,No,Not applicable
20260522,2026,2,5,May,May,22,5,Friday,Weekday,No,Not applicable
20260523,2026,2,5,May,May,23,6,Saturday,Weekend,No,Not applicable
20260524,2026,2,5,May,May,24,7,Sunday,Weekend,No,Not applicable
20260525,2026,2,5,May,May,25,1,Monday,Weekday,Yes,Spring bank holiday
20260526,2026,2,5,May,May,26,2,Tuesday,Weekday,No,Not applicable
20260527,2026,2,5,May,May,27,3,Wednesday,Weekday,No,Not applicable
20260528,2026,2,5,May,May,28,4,Thursday,Weekday,No,Not applicable
20260529,2026,2,5,May,May,29,5,Friday,Weekday,No,Not applicable
20260530,2026,2,5,May,May,30,6,Saturday,Weekend,No,Not applicable
20260531,2026,2,5,May,May,31,7,Sunday,Weekend,No,Not applicable
20260601,2026,2,6,June,Jun,1,1,Monday,Weekday,No,Not applicable
20260602,2026,2,6,June,Jun,2,2,Tuesday,Weekday,No,Not applicable
20260603,2026,2,6,June,Jun,3,3,Wednesday,Weekday,No,Not applicable
20260604,2026,2,6,June,Jun,4,4,Thursday,Weekday,No,Not applicable
20260605,2026,2,6,June,Jun,5,5,Friday,Weekday,No,Not applicable
20260606,2026,2,6,June,Jun,6,6,Saturday,Weekend,No,Not applicable
20260607,2026,2,6,June,Jun,7,7,Sunday,Weekend,No,Not applicable
20260608,2026,2,6,June,Jun,8,1,Monday,Weekday,No,Not applicable
20260609,2026,2,6,June,Jun,9,2,Tuesday,Weekday,No,Not applicable
20260610,2026,2,6,June,Jun,10,3,Wednesday,Weekday,No,Not applicable
20260611,2026,2,6,June,Jun,11,4,Thursday,Weekday,No,Not applicable
20260612,2026,2,6,June,Jun,12,5,Friday,Weekday,No,Not applicable
20260613,2026,2,6,June,Jun,13,6,Saturday,Weekend,No,Not applicable
20260614,2026,2,6,June,Jun,14,7,Sunday,Weekend,No,Not applicable
20260615,2026,2,6,June,Jun,15,1,Monday,Weekday,No,Not applicable
20260616,2026,2,6,June,Jun,16,2,Tuesday,Weekday,No,Not applicable
20260617,2026,2,6,June,Jun,17,3,Wednesday,Weekday,No,Not applicable
20260618,2026,2,6,June,Jun,18,4,Thursday,Weekday,No,Not applicable
20260619,2026,2,6,June,Jun,19,5,Friday,Weekday,No,Not applicable
20260620,2026,2,6,June,Jun,20,6,Saturday,Weekend,No,Not applicable
20260621,2026,2,6,June,Jun,21,7,Sunday,Weekend,No,Not applicable
20260622,2026,2,6,June,Jun,22,1,Monday,Weekday,No,Not applicable
20260623,2026,2,6,June,Jun,23,2,Tuesday,Weekday,No,Not applicable
20260624,2026,2,6,June,Jun,24,3,Wednesday,Weekday,No,Not applicable
20260625,2026,2,6,June,Jun,25,4,Thursday,Weekday,No,Not applicable
20260626,2026,2,6,June,Jun,26,5,Friday,Weekday,No,Not applicable
20260627,2026,2,6,June,Jun,27,6,Saturday,Weekend,No,Not applicable
20260628,2026,2,6,June,Jun,28,7,Sunday,Weekend,No,Not applicable
20260629,2026,2,6,June,Jun,29,1,Monday,Weekday,No,Not applicable
20260630,2026,2,6,June,Jun,30,2,Tuesday,Weekday,No,Not applicable
20260701,2026,3,7,July,Jul,1,3,Wednesday,Weekday,No,Not applicable
20260702,2026,3,7,July,Jul,2,4,Thursday,Weekday,No,Not applicable
20260703,2026,3,7,July,Jul,3,5,Friday,Weekday,No,Not applicable
20260704,2026,3,7,July,Jul,4,6,Saturday,Weekend,No,Not applicable
20260705,2026,3,7,July,Jul,5,7,Sunday,Weekend,No,Not applicable
20260706,2026,3,7,July,Jul,6,1,Monday,Weekday,No,Not applicable
20260707,2026,3,7,July,Jul,7,2,Tuesday,Weekday,No,Not applicable
20260708,2026,3,7,July,Jul,8,3,Wednesday,Weekday,No,Not applicable
20260709,2026,3,7,July,Jul,9,4,Thursday,Weekday,No,Not applicable
20260710,2026,3,7,July,Jul,10,5,Friday,Weekday,No,Not applicable
20260711,2026,3,7,July,Jul,11,6,Saturday,Weekend,No,Not applicable
20260712,2026,3,7,July,Jul,12,7,Sunday,Weekend,No,Not applicable
20260713,2026,3,7,July,Jul,13,1,Monday,Weekday,No,Not applicable
20260714,2026,3,7,July,Jul,14,2,Tuesday,Weekday,No,Not applicable
20260715,2026,3,7,July,Jul,15,3,Wednesday,Weekday,No,Not applicable
20260716,2026,3,7,July,Jul,16,4,Thursday,Weekday,No,Not applicable
20260717,2026,3,7,July,Jul,17,5,Friday,Weekday,No,Not applicable
20260718,2026,3,7,July,Jul,18,6,Saturday,Weekend,No,Not applicable
20260719,2026,3,7,July,Jul,19,7,Sunday,Weekend,No,Not applicable
20260720,2026,3,7,July,Jul,20,1,Monday,Weekday,No,Not applicable
20260721,2026,3,7,July,Jul,21,2,Tuesday,Weekday,No,Not applicable
20260722,2026,3,7,July,Jul,22,3,Wednesday,Weekday,No,Not applicable
20260723,2026,3,7,July,Jul,23,4,Thursday,Weekday,No,Not applicable
20260724,2026,3,7,July,Jul,24,5,Friday,Weekday,No,Not applicable
20260725,2026,3,7,July,Jul,25,6,Saturday,Weekend,No,Not applicable
20260726,2026,3,7,July,Jul,26,7,Sunday,Weekend,No,Not applicable
20260727,2026,3,7,July,Jul,27,1,Monday,Weekday,No,Not applicable
20260728,2026,3,7,July,Jul,28,2,Tuesday,Weekday,No,Not applicable
20260729,2026,3,7,July,Jul,29,3,Wednesday,Weekday,No,Not applicable
20260730,2026,3,7,July,Jul,30,4,Thursday,Weekday,No,Not applicable
20260731,2026,3,7,July,Jul,31,5,Friday,Weekday,No,Not applicable
20260801,2026,3,8,August,Aug,1,6,Saturday,Weekend,No,Not applicable
20260802,2026,3,8,August,Aug,2,7,Sunday,Weekend,No,Not applicable
20260803,2026,3,8,August,Aug,3,1,Monday,Weekday,No,Not applicable
20260804,2026,3,8,August,Aug,4,2,Tuesday,Weekday,No,Not applicable
20260805,2026,3,8,August,Aug,5,3,Wednesday,Weekday,No,Not applicable
20260806,2026,3,8,August,Aug,6,4,Thursday,Weekday,No,Not applicable
20260807,2026,3,8,August,Aug,7,5,Friday,Weekday,No,Not applicable
20260808,2026,3,8,August,Aug,8,6,Saturday,Weekend,No,Not applicable
20260809,2026,3,8,August,Aug,9,7,Sunday,Weekend,No,Not applicable
20260810,2026,3,8,August,Aug,10,1,Monday,Weekday,No,Not applicable
20260811,2026,3,8,August,Aug,11,2,Tuesday,Weekday,No,Not applicable
20260812,2026,3,8,August,Aug,12,3,Wednesday,Weekday,No,Not applicable
20260813,2026,3,8,August,Aug,13,4,Thursday,Weekday,No,Not applicable
20260814,2026,3,8,August,Aug,14,5,Friday,Weekday,No,Not applicable
20260815,2026,3,8,August,Aug,15,6,Saturday,Weekend,No,Not applicable
20260816,2026,3,8,August,Aug,16,7,Sunday,Weekend,No,Not applicable
20260817,2026,3,8,August,Aug,17,1,Monday,Weekday,No,Not applicable
20260818,2026,3,8,August,Aug,18,2,Tuesday,Weekday,No,Not applicable
20260819,2026,3,8,August,Aug,19,3,Wednesday,Weekday,No,Not applicable
20260820,2026,3,8,August,Aug,20,4,Thursday,Weekday,No,Not applicable
20260821,2026,3,8,August,Aug,21,5,Friday,Weekday,No,Not applicable
20260822,2026,3,8,August,Aug,22,6,Saturday,Weekend,No,Not applicable
20260823,2026,3,8,August,Aug,23,7,Sunday,Weekend,No,Not applicable
20260824,2026,3,8,August,Aug,24,1,Monday,Weekday,No,Not applicable
20260825,2026,3,8,August,Aug,25,2,Tuesday,Weekday,No,Not applicable
20260826,2026,3,8,August,Aug,26,3,Wednesday,Weekday,No,Not applicable
20260827,2026,3,8,August,Aug,27,4,Thursday,Weekday,No,Not applicable
20260828,2026,3,8,August,Aug,28,5,Friday,Weekday,No,Not applicable
20260829,2026,3,8,August,Aug,29,6,Saturday,Weekend,No,Not applicable
20260830,2026,3,8,August,Aug,30,7,Sunday,Weekend,No,Not applicable
20260831,2026,3,8,August,Aug,31,1,Monday,Weekday,Yes,Summer bank holiday
20260901,2026,3,9,September,Sep,1,2,Tuesday,Weekday,No,Not applicable
20260902,2026,3,9,September,Sep,2,3,Wednesday,Weekday,No,Not applicable
20260903,2026,3,9,September,Sep,3,4,Thursday,Weekday,No,Not applicable
20260904,2026,3,9,September,Sep,4,5,Friday,Weekday,No,Not applicable
20260905,2026,3,9,September,Sep,5,6,Saturday,Weekend,No,Not applicable
20260906,2026,3,9,September,Sep,6,7,Sunday,Weekend,No,Not applicable
20260907,2026,3,9,September,Sep,7,1,Monday,Weekday,No,Not applicable
20260908,2026,3,9,September,Sep,8,2,Tuesday,Weekday,No,Not applicable
20260909,2026,3,9,September,Sep,9,3,Wednesday,Weekday,No,Not applicable
20260910,2026,3,9,September,Sep,10,4,Thursday,Weekday,No,Not applicable
20260911,2026,3,9,September,Sep,11,5,Friday,Weekday,No,Not applicable
20260912,2026,3,9,September,Sep,12,6,Saturday,Weekend,No,Not applicable
20260913,2026,3,9,September,Sep,13,7,Sunday,Weekend,No,Not applicable
20260914,2026,3,9,September,Sep,14,1,Monday,Weekday,No,Not applicable
20260915,2026,3,9,September,Sep,15,2,Tuesday,Weekday,No,Not applicable
20260916,2026,3,9,September,Sep,16,3,Wednesday,Weekday,No,Not applicable
20260917,2026,3,9,September,Sep,17,4,Thursday,Weekday,No,Not applicable
20260918,2026,3,9,September,Sep,18,5,Friday,Weekday,No,Not applicable
20260919,2026,3,9,September,Sep,19,6,Saturday,Weekend,No,Not applicable
20260920,2026,3,9,September,Sep,20,7,Sunday,Weekend,No,Not applicable
20260921,2026,3,9,September,Sep,21,1,Monday,Weekday,No,Not applicable
20260922,2026,3,9,September,Sep,22,2,Tuesday,Weekday,No,Not applicable
20260923,2026,3,9,September,Sep,23,3,Wednesday,Weekday,No,Not applicable
20260924,2026,3,9,September,Sep,24,4,Thursday,Weekday,No,Not applicable
20260925,2026,3,9,September,Sep,25,5,Friday,Weekday,No,Not applicable
20260926,2026,3,9,September,Sep,26,6,Saturday,Weekend,No,Not applicable
20260927,2026,3,9,September,Sep,27,7,Sunday,Weekend,No,Not applicable
20260928,2026,3,9,September,Sep,28,1,Monday,Weekday,No,Not applicable
20260929,2026,3,9,September,Sep,29,2,Tuesday,Weekday,No,Not applicable
20260930,2026,3,9,September,Sep,30,3,Wednesday,Weekday,No,Not applicable
20261001,2026,4,10,October,Oct,1,4,Thursday,Weekday,No,Not applicable
20261002,2026,4,10,October,Oct,2,5,Friday,Weekday,No,Not applicable
20261003,2026,4,10,October,Oct,3,6,Saturday,Weekend,No,Not applicable
20261004,2026,4,10,October,Oct,4,7,Sunday,Weekend,No,Not applicable
20261005,2026,4,10,October,Oct,5,1,Monday,Weekday,No,Not applicable
20261006,2026,4,10,October,Oct,6,2,Tuesday,Weekday,No,Not applicable
20261007,2026,4,10,October,Oct,7,3,Wednesday,Weekday,No,Not applicable
20261008,2026,4,10,October,Oct,8,4,Thursday,Weekday,No,Not applicable
20261009,2026,4,10,October,Oct,9,5,Friday,Weekday,No,Not applicable
20261010,2026,4,10,October,Oct,10,6,Saturday,Weekend,No,Not applicable
20261011,2026,4,10,October,Oct,11,7,Sunday,Weekend,No,Not applicable
20261012,2026,4,10,October,Oct,12,1,Monday,Weekday,No,Not applicable
20261013,2026,4,10,October,Oct,13,2,Tuesday,Weekday,No,Not applicable
20261014,2026,4,10,October,Oct,14,3,Wednesday,Weekday,No,Not applicable
20261015,2026,4,10,October,Oct,15,4,Thursday,Weekday,No,Not applicable
20261016,2026,4,10,October,Oct,16,5,Friday,Weekday,No,Not applicable
20261017,2026,4,10,October,Oct,17,6,Saturday,Weekend,No,Not applicable
20261018,2026,4,10,October,Oct,18,7,Sunday,Weekend,No,Not applicable
20261019,2026,4,10,October,Oct,19,1,Monday,Weekday,No,Not applicable
20261020,2026,4,10,October,Oct,20,2,Tuesday,Weekday,No,Not applicable
20261021,2026,4,10,October,Oct,21,3,Wednesday,Weekday,No,Not applicable
20261022,2026,4,10,October,Oct,22,4,Thursday,Weekday,No,Not applicable
20261023,2026,4,10,October,Oct,23,5,Friday,Weekday,No,Not applicable
20261024,2026,4,10,October,Oct,24,6,Saturday,Weekend,No,Not applicable
20261025,2026,4,10,October,Oct,25,7,Sunday,Weekend,No,Not applicable
20261026,2026,4,10,October,Oct,26,1,Monday,Weekday,No,Not applicable
20261027,2026,4,10,October,Oct,27,2,Tuesday,Weekday,No,Not applicable
20261028,2026,4,10,October,Oct,28,3,Wednesday,Weekday,No,Not applicable
20261029,2026,4,10,October,Oct,29,4,Thursday,Weekday,No,Not applicable
20261030,2026,4,10,October,Oct,30,5,Friday,Weekday,No,Not applicable
20261031,2026,4,10,October,Oct,31,6,Saturday,Weekend,No,Not applicable
20261101,2026,4,11,November,Nov,1,7,Sunday,Weekend,No,Not applicable
20261102,2026,4,11,November,Nov,2,1,Monday,Weekday,No,Not applicable
20261103,2026,4,11,November,Nov,3,2,Tuesday,Weekday,No,Not applicable
20261104,2026,4,11,November,Nov,4,3,Wednesday,Weekday,No,Not applicable
20261105,2026,4,11,November,Nov,5,4,Thursday,Weekday,No,Not applicable
20261106,2026,4,11,November,Nov,6,5,Friday,Weekday,No,Not applicable
20261107,2026,4,11,November,Nov,7,6,Saturday,Weekend,No,Not applicable
20261108,2026,4,11,November,Nov,8,7,Sunday,Weekend,No,Not applicable
20261109,2026,4,11,November,Nov,9,1,Monday,Weekday,No,Not applicable
20261110,2026,4,11,November,Nov,10,2,Tuesday,Weekday,No,Not applicable
20261111,2026,4,11,November,Nov,11,3,Wednesday,Weekday,No,Not applicable
20261112,2026,4,11,November,Nov,12,4,Thursday,Weekday,No,Not applicable
20261113,2026,4,11,November,Nov,13,5,Friday,Weekday,No,Not applicable
20261114,2026,4,11,November,Nov,14,6,Saturday,Weekend,No,Not applicable
20261115,2026,4,11,November,Nov,15,7,Sunday,Weekend,No,Not applicable
20261116,2026,4,11,November,Nov,16,1,Monday,Weekday,No,Not applicable
20261117,2026,4,11,November,Nov,17,2,Tuesday,Weekday,No,Not applicable
20261118,2026,4,11,November,Nov,18,3,Wednesday,Weekday,No,Not applicable
20261119,2026,4,11,November,Nov,19,4,Thursday,Weekday,No,Not applicable
20261120,2026,4,11,November,Nov,20,5,Friday,Weekday,No,Not applicable
20261121,2026,4,11,November,Nov,21,6,Saturday,Weekend,No,Not applicable
20261122,2026,4,11,November,Nov,22,7,Sunday,Weekend,No,Not applicable
20261123,2026,4,11,November,Nov,23,1,Monday,Weekday,No,Not applicable
20261124,2026,4,11,November,Nov,24,2,Tuesday,Weekday,No,Not applicable
20261125,2026,4,11,November,Nov,25,3,Wednesday,Weekday,No,Not applicable
20261126,2026,4,11,November,Nov,26,4,Thursday,Weekday,No,Not applicable
20261127,2026,4,11,November,Nov,27,5,Friday,Weekday,No,Not applicable
20261128,2026,4,11,November,Nov,28,6,Saturday,Weekend,No,Not applicable
20261129,2026,4,11,November,Nov,29,7,Sunday,Weekend,No,Not applicable
20261130,2026,4,11,November,Nov,30,1,Monday,Weekday,No,Not applicable
20261201,2026,4,12,December,Dec,1,2,Tuesday,Weekday,No,Not applicable
20261202,2026,4,12,December,Dec,2,3,Wednesday,Weekday,No,Not applicable
20261203,2026,4,12,December,Dec,3,4,Thursday,Weekday,No,Not applicable
20261204,2026,4,12,December,Dec,4,5,Friday,Weekday,No,Not applicable
20261205,2026,4,12,December,Dec,5,6,Saturday,Weekend,No,Not applicable
20261206,2026,4,12,December,Dec,6,7,Sunday,Weekend,No,Not applicable
20261207,2026,4,12,December,Dec,7,1,Monday,Weekday,No,Not applicable
20261208,2026,4,12,December,Dec,8,2,Tuesday,Weekday,No,Not applicable
20261209,2026,4,12,December,Dec,9,3,Wednesday,Weekday,No,Not applicable
20261210,2026,4,12,December,Dec,10,4,Thursday,Weekday,No,Not applicable
20261211,2026,4,12,December,Dec,11,5,Friday,Weekday,No,Not applicable
20261212,2026,4,12,December,Dec,12,6,Saturday,Weekend,No,Not applicable
20261213,2026,4,12,December,Dec,13,7,Sunday,Weekend,No,Not applicable
20261214,2026,4,12,December,Dec,14,1,Monday,Weekday,No,Not applicable
20261215,2026,4,12,December,Dec,15,2,Tuesday,Weekday,No,Not applicable
20261216,2026,4,12,December,Dec,16,3,Wednesday,Weekday,No,Not applicable
20261217,2026,4,12,December,Dec,17,4,Thursday,Weekday,No,Not applicable
20261218,2026,4,12,December,Dec,18,5,Friday,Weekday,No,Not applicable
20261219,2026,4,12,December,Dec,19,6,Saturday,Weekend,No,Not applicable
20261220,2026,4,12,December,Dec,20,7,Sunday,Weekend,No,Not applicable
20261221,2026,4,12,December,Dec,21,1,Monday,Weekday,No,Not applicable
20261222,2026,4,12,December,Dec,22,2,Tuesday,Weekday,No,Not applicable
20261223,2026,4,12,December,Dec,23,3,Wednesday,Weekday,No,Not applicable
20261224,2026,4,12,December,Dec,24,4,Thursday,Weekday,No,Not applicable
20261225,2026,4,12,December,Dec,25,5,Friday,Weekday,Yes,Christmas Day
20261226,2026,4,12,December,Dec,26,6,Saturday,Weekend,No,Not applicable
20261227,2026,4,12,December,Dec,27,7,Sunday,Weekend,No,Not applicable
20261228,2026,4,12,December,Dec,28,1,Monday,Weekday,Yes,Boxing Day
20261229,2026,4,12,December,Dec,29,2,Tuesday,Weekday,No,Not applicable
20261230,2026,4,12,December,Dec,30,3,Wednesday,Weekday,No,Not applicable
20261231,2026,4,12,December,Dec,31,4,Thursday,Weekday,No,Not applicable
20270101,2027,1,1,January,Jan,1,5,Friday,Weekday,Yes,New Year’s Day
20270102,2027,1,1,January,Jan,2,6,Saturday,Weekend,No,Not applicable
20270103,2027,1,1,January,Jan,3,7,Sunday,Weekend,No,Not applicable
20270104,2027,1,1,January,Jan,4,1,Monday,Weekday,No,Not applicable
20270105,2027,1,1,January,Jan,5,2,Tuesday,Weekday,No,Not applicable
20270106,2027,1,1,January,Jan,6,3,Wednesday,Weekday,No,Not applicable
20270107,2027,1,1,January,Jan,7,4,Thursday,Weekday,No,Not applicable
20270108,2027,1,1,January,Jan,8,5,Friday,Weekday,No,Not applicable
20270109,2027,1,1,January,Jan,9,6,Saturday,Weekend,No,Not applicable
20270110,2027,1,1,January,Jan,10,7,Sunday,Weekend,No,Not applicable
20270111,2027,1,1,January,Jan,11,1,Monday,Weekday,No,Not applicable
20270112,2027,1,1,January,Jan,12,2,Tuesday,Weekday,No,Not applicable
20270113,2027,1,1,January,Jan,13,3,Wednesday,Weekday,No,Not applicable
20270114,2027,1,1,January,Jan,14,4,Thursday,Weekday,No,Not applicable
20270115,2027,1,1,January,Jan,15,5,Friday,Weekday,No,Not applicable
20270116,2027,1,1,January,Jan,16,6,Saturday,Weekend,No,Not applicable
20270117,2027,1,1,January,Jan,17,7,Sunday,Weekend,No,Not applicable
20270118,2027,1,1,January,Jan,18,1,Monday,Weekday,No,Not applicable
20270119,2027,1,1,January,Jan,19,2,Tuesday,Weekday,No,Not applicable
20270120,2027,1,1,January,Jan,20,3,Wednesday,Weekday,No,Not applicable
20270121,2027,1,1,January,Jan,21,4,Thursday,Weekday,No,Not applicable
20270122,2027,1,1,January,Jan,22,5,Friday,Weekday,No,Not applicable
20270123,2027,1,1,January,Jan,23,6,Saturday,Weekend,No,Not applicable
20270124,2027,1,1,January,Jan,24,7,Sunday,Weekend,No,Not applicable
20270125,2027,1,1,January,Jan,25,1,Monday,Weekday,No,Not applicable
20270126,2027,1,1,January,Jan,26,2,Tuesday,Weekday,No,Not applicable
20270127,2027,1,1,January,Jan,27,3,Wednesday,Weekday,No,Not applicable
20270128,2027,1,1,January,Jan,28,4,Thursday,Weekday,No,Not applicable
20270129,2027,1,1,January,Jan,29,5,Friday,Weekday,No,Not applicable
20270130,2027,1,1,January,Jan,30,6,Saturday,Weekend,No,Not applicable
20270131,2027,1,1,January,Jan,31,7,Sunday,Weekend,No,Not applicable
20270201,2027,1,2,February,Feb,1,1,Monday,Weekday,No,Not applicable
20270202,2027,1,2,February,Feb,2,2,Tuesday,Weekday,No,Not applicable
20270203,2027,1,2,February,Feb,3,3,Wednesday,Weekday,No,Not applicable
20270204,2027,1,2,February,Feb,4,4,Thursday,Weekday,No,Not applicable
20270205,2027,1,2,February,Feb,5,5,Friday,Weekday,No,Not applicable
20270206,2027,1,2,February,Feb,6,6,Saturday,Weekend,No,Not applicable
20270207,2027,1,2,February,Feb,7,7,Sunday,Weekend,No,Not applicable
20270208,2027,1,2,February,Feb,8,1,Monday,Weekday,No,Not applicable
20270209,2027,1,2,February,Feb,9,2,Tuesday,Weekday,No,Not applicable
20270210,2027,1,2,February,Feb,10,3,Wednesday,Weekday,No,Not applicable
20270211,2027,1,2,February,Feb,11,4,Thursday,Weekday,No,Not applicable
20270212,2027,1,2,February,Feb,12,5,Friday,Weekday,No,Not applicable
20270213,2027,1,2,February,Feb,13,6,Saturday,Weekend,No,Not applicable
20270214,2027,1,2,February,Feb,14,7,Sunday,Weekend,No,Not applicable
20270215,2027,1,2,February,Feb,15,1,Monday,Weekday,No,Not applicable
20270216,2027,1,2,February,Feb,16,2,Tuesday,Weekday,No,Not applicable
20270217,2027,1,2,February,Feb,17,3,Wednesday,Weekday,No,Not applicable
20270218,2027,1,2,February,Feb,18,4,Thursday,Weekday,No,Not applicable
20270219,2027,1,2,February,Feb,19,5,Friday,Weekday,No,Not applicable
20270220,2027,1,2,February,Feb,20,6,Saturday,Weekend,No,Not applicable
20270221,2027,1,2,February,Feb,21,7,Sunday,Weekend,No,Not applicable
20270222,2027,1,2,February,Feb,22,1,Monday,Weekday,No,Not applicable
20270223,2027,1,2,February,Feb,23,2,Tuesday,Weekday,No,Not applicable
20270224,2027,1,2,February,Feb,24,3,Wednesday,Weekday,No,Not applicable
20270225,2027,1,2,February,Feb,25,4,Thursday,Weekday,No,Not applicable
20270226,2027,1,2,February,Feb,26,5,Friday,Weekday,No,Not applicable
20270227,2027,1,2,February,Feb,27,6,Saturday,Weekend,No,Not applicable
20270228,2027,1,2,February,Feb,28,7,Sunday,Weekend,No,Not applicable
20270301,2027,1,3,March,Mar,1,1,Monday,Weekday,No,Not applicable
20270302,2027,1,3,March,Mar,2,2,Tuesday,Weekday,No,Not applicable
20270303,2027,1,3,March,Mar,3,3,Wednesday,Weekday,No,Not applicable
20270304,2027,1,3,March,Mar,4,4,Thursday,Weekday,No,Not applicable
20270305,2027,1,3,March,Mar,5,5,Friday,Weekday,No,Not applicable
20270306,2027,1,3,March,Mar,6,6,Saturday,Weekend,No,Not applicable
20270307,2027,1,3,March,Mar,7,7,Sunday,Weekend,No,Not applicable
20270308,2027,1,3,March,Mar,8,1,Monday,Weekday,No,Not applicable
20270309,2027,1,3,March,Mar,9,2,Tuesday,Weekday,No,Not applicable
20270310,2027,1,3,March,Mar,10,3,Wednesday,Weekday,No,Not applicable
20270311,2027,1,3,March,Mar,11,4,Thursday,Weekday,No,Not applicable
20270312,2027,1,3,March,Mar,12,5,Friday,Weekday,No,Not applicable
20270313,2027,1,3,March,Mar,13,6,Saturday,Weekend,No,Not applicable
20270314,2027,1,3,March,Mar,14,7,Sunday,Weekend,No,Not applicable
20270315,2027,1,3,March,Mar,15,1,Monday,Weekday,No,Not applicable
20270316,2027,1,3,March,Mar,16,2,Tuesday,Weekday,No,Not applicable
20270317,2027,1,3,March,Mar,17,3,Wednesday,Weekday,No,Not applicable
20270318,2027,1,3,March,Mar,18,4,Thursday,Weekday,No,Not applicable
20270319,2027,1,3,March,Mar,19,5,Friday,Weekday,No,Not applicable
20270320,2027,1,3,March,Mar,20,6,Saturday,Weekend,No,Not applicable
20270321,2027,1,3,March,Mar,21,7,Sunday,Weekend,No,Not applicable
20270322,2027,1,3,March,Mar,22,1,Monday,Weekday,No,Not applicable
20270323,2027,1,3,March,Mar,23,2,Tuesday,Weekday,No,Not applicable
20270324,2027,1,3,March,Mar,24,3,Wednesday,Weekday,No,Not applicable
20270325,2027,1,3,March,Mar,25,4,Thursday,Weekday,No,Not applicable
20270326,2027,1,3,March,Mar,26,5,Friday,Weekday,Yes,Good Friday
20270327,2027,1,3,March,Mar,27,6,Saturday,Weekend,No,Not applicable
20270328,2027,1,3,March,Mar,28,7,Sunday,Weekend,No,Not applicable
20270329,2027,1,3,March,Mar,29,1,Monday,Weekday,Yes,Easter Monday
20270330,2027,1,3,March,Mar,30,2,Tuesday,Weekday,No,Not applicable
20270331,2027,1,3,March,Mar,31,3,Wednesday,Weekday,No,Not applicable
20270401,2027,2,4,April,Apr,1,4,Thursday,Weekday,No,Not applicable
20270402,2027,2,4,April,Apr,2,5,Friday,Weekday,No,Not applicable
20270403,2027,2,4,April,Apr,3,6,Saturday,Weekend,No,Not applicable
20270404,2027,2,4,April,Apr,4,7,Sunday,Weekend,No,Not applicable
20270405,2027,2,4,April,Apr,5,1,Monday,Weekday,No,Not applicable
20270406,2027,2,4,April,Apr,6,2,Tuesday,Weekday,No,Not applicable
20270407,2027,2,4,April,Apr,7,3,Wednesday,Weekday,No,Not applicable
20270408,2027,2,4,April,Apr,8,4,Thursday,Weekday,No,Not applicable
20270409,2027,2,4,April,Apr,9,5,Friday,Weekday,No,Not applicable
20270410,2027,2,4,April,Apr,10,6,Saturday,Weekend,No,Not applicable
20270411,2027,2,4,April,Apr,11,7,Sunday,Weekend,No,Not applicable
20270412,2027,2,4,April,Apr,12,1,Monday,Weekday,No,Not applicable
20270413,2027,2,4,April,Apr,13,2,Tuesday,Weekday,No,Not applicable
20270414,2027,2,4,April,Apr,14,3,Wednesday,Weekday,No,Not applicable
20270415,2027,2,4,April,Apr,15,4,Thursday,Weekday,No,Not applicable
20270416,2027,2,4,April,Apr,16,5,Friday,Weekday,No,Not applicable
20270417,2027,2,4,April,Apr,17,6,Saturday,Weekend,No,Not applicable
20270418,2027,2,4,April,Apr,18,7,Sunday,Weekend,No,Not applicable
20270419,2027,2,4,April,Apr,19,1,Monday,Weekday,No,Not applicable
20270420,2027,2,4,April,Apr,20,2,Tuesday,Weekday,No,Not applicable
20270421,2027,2,4,April,Apr,21,3,Wednesday,Weekday,No,Not applicable
20270422,2027,2,4,April,Apr,22,4,Thursday,Weekday,No,Not applicable
20270423,2027,2,4,April,Apr,23,5,Friday,Weekday,No,Not applicable
20270424,2027,2,4,April,Apr,24,6,Saturday,Weekend,No,Not applicable
20270425,2027,2,4,April,Apr,25,7,Sunday,Weekend,No,Not applicable
20270426,2027,2,4,April,Apr,26,1,Monday,Weekday,No,Not applicable
20270427,2027,2,4,April,Apr,27,2,Tuesday,Weekday,No,Not applicable
20270428,2027,2,4,April,Apr,28,3,Wednesday,Weekday,No,Not applicable
20270429,2027,2,4,April,Apr,29,4,Thursday,Weekday,No,Not applicable
20270430,2027,2,4,April,Apr,30,5,Friday,Weekday,No,Not applicable
20270501,2027,2,5,May,May,1,6,Saturday,Weekend,No,Not applicable
20270502,2027,2,5,May,May,2,7,Sunday,Weekend,No,Not applicable
20270503,2027,2,5,May,May,3,1,Monday,Weekday,Yes,Early May bank holiday
20270504,2027,2,5,May,May,4,2,Tuesday,Weekday,No,Not applicable
20270505,2027,2,5,May,May,5,3,Wednesday,Weekday,No,Not applicable
20270506,2027,2,5,May,May,6,4,Thursday,Weekday,No,Not applicable
20270507,2027,2,5,May,May,7,5,Friday,Weekday,No,Not applicable
20270508,2027,2,5,May,May,8,6,Saturday,Weekend,No,Not applicable
20270509,2027,2,5,May,May,9,7,Sunday,Weekend,No,Not applicable
20270510,2027,2,5,May,May,10,1,Monday,Weekday,No,Not applicable
20270511,2027,2,5,May,May,11,2,Tuesday,Weekday,No,Not applicable
20270512,2027,2,5,May,May,12,3,Wednesday,Weekday,No,Not applicable
20270513,2027,2,5,May,May,13,4,Thursday,Weekday,No,Not applicable
20270514,2027,2,5,May,May,14,5,Friday,Weekday,No,Not applicable
20270515,2027,2,5,May,May,15,6,Saturday,Weekend,No,Not applicable
20270516,2027,2,5,May,May,16,7,Sunday,Weekend,No,Not applicable
20270517,2027,2,5,May,May,17,1,Monday,Weekday,No,Not applicable
20270518,2027,2,5,May,May,18,2,Tuesday,Weekday,No,Not applicable
20270519,2027,2,5,May,May,19,3,Wednesday,Weekday,No,Not applicable
20270520,2027,2,5,May,May,20,4,Thursday,Weekday,No,Not applicable
20270521,2027,2,5,May,May,21,5,Friday,Weekday,No,Not applicable
20270522,2027,2,5,May,May,22,6,Saturday,Weekend,No,Not applicable
20270523,2027,2,5,May,May,23,7,Sunday,Weekend,No,Not applicable
20270524,2027,2,5,May,May,24,1,Monday,Weekday,No,Not applicable
20270525,2027,2,5,May,May,25,2,Tuesday,Weekday,No,Not applicable
20270526,2027,2,5,May,May,26,3,Wednesday,Weekday,No,Not applicable
20270527,2027,2,5,May,May,27,4,Thursday,Weekday,No,Not applicable
20270528,2027,2,5,May,May,28,5,Friday,Weekday,No,Not applicable
20270529,2027,2,5,May,May,29,6,Saturday,Weekend,No,Not applicable
20270530,2027,2,5,May,May,30,7,Sunday,Weekend,No,Not applicable
20270531,2027,2,5,May,May,31,1,Monday,Weekday,Yes,Spring bank holiday
20270601,2027,2,6,June,Jun,1,2,Tuesday,Weekday,No,Not applicable
20270602,2027,2,6,June,Jun,2,3,Wednesday,Weekday,No,Not applicable
20270603,2027,2,6,June,Jun,3,4,Thursday,Weekday,No,Not applicable
20270604,2027,2,6,June,Jun,4,5,Friday,Weekday,No,Not applicable
20270605,2027,2,6,June,Jun,5,6,Saturday,Weekend,No,Not applicable
20270606,2027,2,6,June,Jun,6,7,Sunday,Weekend,No,Not applicable
20270607,2027,2,6,June,Jun,7,1,Monday,Weekday,No,Not applicable
20270608,2027,2,6,June,Jun,8,2,Tuesday,Weekday,No,Not applicable
20270609,2027,2,6,June,Jun,9,3,Wednesday,Weekday,No,Not applicable
20270610,2027,2,6,June,Jun,10,4,Thursday,Weekday,No,Not applicable
20270611,2027,2,6,June,Jun,11,5,Friday,Weekday,No,Not applicable
20270612,2027,2,6,June,Jun,12,6,Saturday,Weekend,No,Not applicable
20270613,2027,2,6,June,Jun,13,7,Sunday,Weekend,No,Not applicable
20270614,2027,2,6,June,Jun,14,1,Monday,Weekday,No,Not applicable
20270615,2027,2,6,June,Jun,15,2,Tuesday,Weekday,No,Not applicable
20270616,2027,2,6,June,Jun,16,3,Wednesday,Weekday,No,Not applicable
20270617,2027,2,6,June,Jun,17,4,Thursday,Weekday,No,Not applicable
20270618,2027,2,6,June,Jun,18,5,Friday,Weekday,No,Not applicable
20270619,2027,2,6,June,Jun,19,6,Saturday,Weekend,No,Not applicable
20270620,2027,2,6,June,Jun,20,7,Sunday,Weekend,No,Not applicable
20270621,2027,2,6,June,Jun,21,1,Monday,Weekday,No,Not applicable
20270622,2027,2,6,June,Jun,22,2,Tuesday,Weekday,No,Not applicable
20270623,2027,2,6,June,Jun,23,3,Wednesday,Weekday,No,Not applicable
20270624,2027,2,6,June,Jun,24,4,Thursday,Weekday,No,Not applicable
20270625,2027,2,6,June,Jun,25,5,Friday,Weekday,No,Not applicable
20270626,2027,2,6,June,Jun,26,6,Saturday,Weekend,No,Not applicable
20270627,2027,2,6,June,Jun,27,7,Sunday,Weekend,No,Not applicable
20270628,2027,2,6,June,Jun,28,1,Monday,Weekday,No,Not applicable
20270629,2027,2,6,June,Jun,29,2,Tuesday,Weekday,No,Not applicable
20270630,2027,2,6,June,Jun,30,3,Wednesday,Weekday,No,Not applicable
20270701,2027,3,7,July,Jul,1,4,Thursday,Weekday,No,Not applicable
20270702,2027,3,7,July,Jul,2,5,Friday,Weekday,No,Not applicable
20270703,2027,3,7,July,Jul,3,6,Saturday,Weekend,No,Not applicable
20270704,2027,3,7,July,Jul,4,7,Sunday,Weekend,No,Not applicable
20270705,2027,3,7,July,Jul,5,1,Monday,Weekday,No,Not applicable
20270706,2027,3,7,July,Jul,6,2,Tuesday,Weekday,No,Not applicable
20270707,2027,3,7,July,Jul,7,3,Wednesday,Weekday,No,Not applicable
20270708,2027,3,7,July,Jul,8,4,Thursday,Weekday,No,Not applicable
20270709,2027,3,7,July,Jul,9,5,Friday,Weekday,No,Not applicable
20270710,2027,3,7,July,Jul,10,6,Saturday,Weekend,No,Not applicable
20270711,2027,3,7,July,Jul,11,7,Sunday,Weekend,No,Not applicable
20270712,2027,3,7,July,Jul,12,1,Monday,Weekday,No,Not applicable
20270713,2027,3,7,July,Jul,13,2,Tuesday,Weekday,No,Not applicable
20270714,2027,3,7,July,Jul,14,3,Wednesday,Weekday,No,Not applicable
20270715,2027,3,7,July,Jul,15,4,Thursday,Weekday,No,Not applicable
20270716,2027,3,7,July,Jul,16,5,Friday,Weekday,No,Not applicable
20270717,2027,3,7,July,Jul,17,6,Saturday,Weekend,No,Not applicable
20270718,2027,3,7,July,Jul,18,7,Sunday,Weekend,No,Not applicable
20270719,2027,3,7,July,Jul,19,1,Monday,Weekday,No,Not applicable
20270720,2027,3,7,July,Jul,20,2,Tuesday,Weekday,No,Not applicable
20270721,2027,3,7,July,Jul,21,3,Wednesday,Weekday,No,Not applicable
20270722,2027,3,7,July,Jul,22,4,Thursday,Weekday,No,Not applicable
20270723,2027,3,7,July,Jul,23,5,Friday,Weekday,No,Not applicable
20270724,2027,3,7,July,Jul,24,6,Saturday,Weekend,No,Not applicable
20270725,2027,3,7,July,Jul,25,7,Sunday,Weekend,No,Not applicable
20270726,2027,3,7,July,Jul,26,1,Monday,Weekday,No,Not applicable
20270727,2027,3,7,July,Jul,27,2,Tuesday,Weekday,No,Not applicable
20270728,2027,3,7,July,Jul,28,3,Wednesday,Weekday,No,Not applicable
20270729,2027,3,7,July,Jul,29,4,Thursday,Weekday,No,Not applicable
20270730,2027,3,7,July,Jul,30,5,Friday,Weekday,No,Not applicable
20270731,2027,3,7,July,Jul,31,6,Saturday,Weekend,No,Not applicable
20270801,2027,3,8,August,Aug,1,7,Sunday,Weekend,No,Not applicable
20270802,2027,3,8,August,Aug,2,1,Monday,Weekday,No,Not applicable
20270803,2027,3,8,August,Aug,3,2,Tuesday,Weekday,No,Not applicable
20270804,2027,3,8,August,Aug,4,3,Wednesday,Weekday,No,Not applicable
20270805,2027,3,8,August,Aug,5,4,Thursday,Weekday,No,Not applicable
20270806,2027,3,8,August,Aug,6,5,Friday,Weekday,No,Not applicable
20270807,2027,3,8,August,Aug,7,6,Saturday,Weekend,No,Not applicable
20270808,2027,3,8,August,Aug,8,7,Sunday,Weekend,No,Not applicable
20270809,2027,3,8,August,Aug,9,1,Monday,Weekday,No,Not applicable
20270810,2027,3,8,August,Aug,10,2,Tuesday,Weekday,No,Not applicable
20270811,2027,3,8,August,Aug,11,3,Wednesday,Weekday,No,Not applicable
20270812,2027,3,8,August,Aug,12,4,Thursday,Weekday,No,Not applicable
20270813,2027,3,8,August,Aug,13,5,Friday,Weekday,No,Not applicable
20270814,2027,3,8,August,Aug,14,6,Saturday,Weekend,No,Not applicable
20270815,2027,3,8,August,Aug,15,7,Sunday,Weekend,No,Not applicable
20270816,2027,3,8,August,Aug,16,1,Monday,Weekday,No,Not applicable
20270817,2027,3,8,August,Aug,17,2,Tuesday,Weekday,No,Not applicable
20270818,2027,3,8,August,Aug,18,3,Wednesday,Weekday,No,Not applicable
20270819,2027,3,8,August,Aug,19,4,Thursday,Weekday,No,Not applicable
20270820,2027,3,8,August,Aug,20,5,Friday,Weekday,No,Not applicable
20270821,2027,3,8,August,Aug,21,6,Saturday,Weekend,No,Not applicable
20270822,2027,3,8,August,Aug,22,7,Sunday,Weekend,No,Not applicable
20270823,2027,3,8,August,Aug,23,1,Monday,Weekday,No,Not applicable
20270824,2027,3,8,August,Aug,24,2,Tuesday,Weekday,No,Not applicable
20270825,2027,3,8,August,Aug,25,3,Wednesday,Weekday,No,Not applicable
20270826,2027,3,8,August,Aug,26,4,Thursday,Weekday,No,Not applicable
20270827,2027,3,8,August,Aug,27,5,Friday,Weekday,No,Not applicable
20270828,2027,3,8,August,Aug,28,6,Saturday,Weekend,No,Not applicable
20270829,2027,3,8,August,Aug,29,7,Sunday,Weekend,No,Not applicable
20270830,2027,3,8,August,Aug,30,1,Monday,Weekday,Yes,Summer bank holiday
20270831,2027,3,8,August,Aug,31,2,Tuesday,Weekday,No,Not applicable
20270901,2027,3,9,September,Sep,1,3,Wednesday,Weekday,No,Not applicable
20270902,2027,3,9,September,Sep,2,4,Thursday,Weekday,No,Not applicable
20270903,2027,3,9,September,Sep,3,5,Friday,Weekday,No,Not applicable
20270904,2027,3,9,September,Sep,4,6,Saturday,Weekend,No,Not applicable
20270905,2027,3,9,September,Sep,5,7,Sunday,Weekend,No,Not applicable
20270906,2027,3,9,September,Sep,6,1,Monday,Weekday,No,Not applicable
20270907,2027,3,9,September,Sep,7,2,Tuesday,Weekday,No,Not applicable
20270908,2027,3,9,September,Sep,8,3,Wednesday,Weekday,No,Not applicable
20270909,2027,3,9,September,Sep,9,4,Thursday,Weekday,No,Not applicable
20270910,2027,3,9,September,Sep,10,5,Friday,Weekday,No,Not applicable
20270911,2027,3,9,September,Sep,11,6,Saturday,Weekend,No,Not applicable
20270912,2027,3,9,September,Sep,12,7,Sunday,Weekend,No,Not applicable
20270913,2027,3,9,September,Sep,13,1,Monday,Weekday,No,Not applicable
20270914,2027,3,9,September,Sep,14,2,Tuesday,Weekday,No,Not applicable
20270915,2027,3,9,September,Sep,15,3,Wednesday,Weekday,No,Not applicable
20270916,2027,3,9,September,Sep,16,4,Thursday,Weekday,No,Not applicable
20270917,2027,3,9,September,Sep,17,5,Friday,Weekday,No,Not applicable
20270918,2027,3,9,September,Sep,18,6,Saturday,Weekend,No,Not applicable
20270919,2027,3,9,September,Sep,19,7,Sunday,Weekend,No,Not applicable
20270920,2027,3,9,September,Sep,20,1,Monday,Weekday,No,Not applicable
20270921,2027,3,9,September,Sep,21,2,Tuesday,Weekday,No,Not applicable
20270922,2027,3,9,September,Sep,22,3,Wednesday,Weekday,No,Not applicable
20270923,2027,3,9,September,Sep,23,4,Thursday,Weekday,No,Not applicable
20270924,2027,3,9,September,Sep,24,5,Friday,Weekday,No,Not applicable
20270925,2027,3,9,September,Sep,25,6,Saturday,Weekend,No,Not applicable
20270926,2027,3,9,September,Sep,26,7,Sunday,Weekend,No,Not applicable
20270927,2027,3,9,September,Sep,27,1,Monday,Weekday,No,Not applicable
20270928,2027,3,9,September,Sep,28,2,Tuesday,Weekday,No,Not applicable
20270929,2027,3,9,September,Sep,29,3,Wednesday,Weekday,No,Not applicable
20270930,2027,3,9,September,Sep,30,4,Thursday,Weekday,No,Not applicable
20271001,2027,4,10,October,Oct,1,5,Friday,Weekday,No,Not applicable
20271002,2027,4,10,October,Oct,2,6,Saturday,Weekend,No,Not applicable
20271003,2027,4,10,October,Oct,3,7,Sunday,Weekend,No,Not applicable
20271004,2027,4,10,October,Oct,4,1,Monday,Weekday,No,Not applicable
20271005,2027,4,10,October,Oct,5,2,Tuesday,Weekday,No,Not applicable
20271006,2027,4,10,October,Oct,6,3,Wednesday,Weekday,No,Not applicable
20271007,2027,4,10,October,Oct,7,4,Thursday,Weekday,No,Not applicable
20271008,2027,4,10,October,Oct,8,5,Friday,Weekday,No,Not applicable
20271009,2027,4,10,October,Oct,9,6,Saturday,Weekend,No,Not applicable
20271010,2027,4,10,October,Oct,10,7,Sunday,Weekend,No,Not applicable
20271011,2027,4,10,October,Oct,11,1,Monday,Weekday,No,Not applicable
20271012,2027,4,10,October,Oct,12,2,Tuesday,Weekday,No,Not applicable
20271013,2027,4,10,October,Oct,13,3,Wednesday,Weekday,No,Not applicable
20271014,2027,4,10,October,Oct,14,4,Thursday,Weekday,No,Not applicable
20271015,2027,4,10,October,Oct,15,5,Friday,Weekday,No,Not applicable
20271016,2027,4,10,October,Oct,16,6,Saturday,Weekend,No,Not applicable
20271017,2027,4,10,October,Oct,17,7,Sunday,Weekend,No,Not applicable
20271018,2027,4,10,October,Oct,18,1,Monday,Weekday,No,Not applicable
20271019,2027,4,10,October,Oct,19,2,Tuesday,Weekday,No,Not applicable
20271020,2027,4,10,October,Oct,20,3,Wednesday,Weekday,No,Not applicable
20271021,2027,4,10,October,Oct,21,4,Thursday,Weekday,No,Not applicable
20271022,2027,4,10,October,Oct,22,5,Friday,Weekday,No,Not applicable
20271023,2027,4,10,October,Oct,23,6,Saturday,Weekend,No,Not applicable
20271024,2027,4,10,October,Oct,24,7,Sunday,Weekend,No,Not applicable
20271025,2027,4,10,October,Oct,25,1,Monday,Weekday,No,Not applicable
20271026,2027,4,10,October,Oct,26,2,Tuesday,Weekday,No,Not applicable
20271027,2027,4,10,October,Oct,27,3,Wednesday,Weekday,No,Not applicable
20271028,2027,4,10,October,Oct,28,4,Thursday,Weekday,No,Not applicable
20271029,2027,4,10,October,Oct,29,5,Friday,Weekday,No,Not applicable
20271030,2027,4,10,October,Oct,30,6,Saturday,Weekend,No,Not applicable
20271031,2027,4,10,October,Oct,31,7,Sunday,Weekend,No,Not applicable
20271101,2027,4,11,November,Nov,1,1,Monday,Weekday,No,Not applicable
20271102,2027,4,11,November,Nov,2,2,Tuesday,Weekday,No,Not applicable
20271103,2027,4,11,November,Nov,3,3,Wednesday,Weekday,No,Not applicable
20271104,2027,4,11,November,Nov,4,4,Thursday,Weekday,No,Not applicable
20271105,2027,4,11,November,Nov,5,5,Friday,Weekday,No,Not applicable
20271106,2027,4,11,November,Nov,6,6,Saturday,Weekend,No,Not applicable
20271107,2027,4,11,November,Nov,7,7,Sunday,Weekend,No,Not applicable
20271108,2027,4,11,November,Nov,8,1,Monday,Weekday,No,Not applicable
20271109,2027,4,11,November,Nov,9,2,Tuesday,Weekday,No,Not applicable
20271110,2027,4,11,November,Nov,10,3,Wednesday,Weekday,No,Not applicable
20271111,2027,4,11,November,Nov,11,4,Thursday,Weekday,No,Not applicable
20271112,2027,4,11,November,Nov,12,5,Friday,Weekday,No,Not applicable
20271113,2027,4,11,November,Nov,13,6,Saturday,Weekend,No,Not applicable
20271114,2027,4,11,November,Nov,14,7,Sunday,Weekend,No,Not applicable
20271115,2027,4,11,November,Nov,15,1,Monday,Weekday,No,Not applicable
20271116,2027,4,11,November,Nov,16,2,Tuesday,Weekday,No,Not applicable
20271117,2027,4,11,November,Nov,17,3,Wednesday,Weekday,No,Not applicable
20271118,2027,4,11,November,Nov,18,4,Thursday,Weekday,No,Not applicable
20271119,2027,4,11,November,Nov,19,5,Friday,Weekday,No,Not applicable
20271120,2027,4,11,November,Nov,20,6,Saturday,Weekend,No,Not applicable
20271121,2027,4,11,November,Nov,21,7,Sunday,Weekend,No,Not applicable
20271122,2027,4,11,November,Nov,22,1,Monday,Weekday,No,Not applicable
20271123,2027,4,11,November,Nov,23,2,Tuesday,Weekday,No,Not applicable
20271124,2027,4,11,November,Nov,24,3,Wednesday,Weekday,No,Not applicable
20271125,2027,4,11,November,Nov,25,4,Thursday,Weekday,No,Not applicable
20271126,2027,4,11,November,Nov,26,5,Friday,Weekday,No,Not applicable
20271127,2027,4,11,November,Nov,27,6,Saturday,Weekend,No,Not applicable
20271128,2027,4,11,November,Nov,28,7,Sunday,Weekend,No,Not applicable
20271129,2027,4,11,November,Nov,29,1,Monday,Weekday,No,Not applicable
20271130,2027,4,11,November,Nov,30,2,Tuesday,Weekday,No,Not applicable
20271201,2027,4,12,December,Dec,1,3,Wednesday,Weekday,No,Not applicable
20271202,2027,4,12,December,Dec,2,4,Thursday,Weekday,No,Not applicable
20271203,2027,4,12,December,Dec,3,5,Friday,Weekday,No,Not applicable
20271204,2027,4,12,December,Dec,4,6,Saturday,Weekend,No,Not applicable
20271205,2027,4,12,December,Dec,5,7,Sunday,Weekend,No,Not applicable
20271206,2027,4,12,December,Dec,6,1,Monday,Weekday,No,Not applicable
20271207,2027,4,12,December,Dec,7,2,Tuesday,Weekday,No,Not applicable
20271208,2027,4,12,December,Dec,8,3,Wednesday,Weekday,No,Not applicable
20271209,2027,4,12,December,Dec,9,4,Thursday,Weekday,No,Not applicable
20271210,2027,4,12,December,Dec,10,5,Friday,Weekday,No,Not applicable
20271211,2027,4,12,December,Dec,11,6,Saturday,Weekend,No,Not applicable
20271212,2027,4,12,December,Dec,12,7,Sunday,Weekend,No,Not applicable
20271213,2027,4,12,December,Dec,13,1,Monday,Weekday,No,Not applicable
20271214,2027,4,12,December,Dec,14,2,Tuesday,Weekday,No,Not applicable
20271215,2027,4,12,December,Dec,15,3,Wednesday,Weekday,No,Not applicable
20271216,2027,4,12,December,Dec,16,4,Thursday,Weekday,No,Not applicable
20271217,2027,4,12,December,Dec,17,5,Friday,Weekday,No,Not applicable
20271218,2027,4,12,December,Dec,18,6,Saturday,Weekend,No,Not applicable
20271219,2027,4,12,December,Dec,19,7,Sunday,Weekend,No,Not applicable
20271220,2027,4,12,December,Dec,20,1,Monday,Weekday,No,Not applicable
20271221,2027,4,12,December,Dec,21,2,Tuesday,Weekday,No,Not applicable
20271222,2027,4,12,December,Dec,22,3,Wednesday,Weekday,No,Not applicable
20271223,2027,4,12,December,Dec,23,4,Thursday,Weekday,No,Not applicable
20271224,2027,4,12,December,Dec,24,5,Friday,Weekday,No,Not applicable
20271225,2027,4,12,December,Dec,25,6,Saturday,Weekend,No,Not applicable
20271226,2027,4,12,December,Dec,26,7,Sunday,Weekend,No,Not applicable
20271227,2027,4,12,December,Dec,27,1,Monday,Weekday,Yes,Christmas Day
20271228,2027,4,12,December,Dec,28,2,Tuesday,Weekday,Yes,Boxing Day
20271229,2027,4,12,December,Dec,29,3,Wednesday,Weekday,No,Not applicable
20271230,2027,4,12,December,Dec,30,4,Thursday,Weekday,No,Not applicable
20271231,2027,4,12,December,Dec,31,5,Friday,Weekday,No,Not applicable
20280101,2028,1,1,January,Jan,1,6,Saturday,Weekend,No,Not applicable
20280102,2028,1,1,January,Jan,2,7,Sunday,Weekend,No,Not applicable
20280103,2028,1,1,January,Jan,3,1,Monday,Weekday,Yes,New Year’s Day
20280104,2028,1,1,January,Jan,4,2,Tuesday,Weekday,No,Not applicable
20280105,2028,1,1,January,Jan,5,3,Wednesday,Weekday,No,Not applicable
20280106,2028,1,1,January,Jan,6,4,Thursday,Weekday,No,Not applicable
20280107,2028,1,1,January,Jan,7,5,Friday,Weekday,No,Not applicable
20280108,2028,1,1,January,Jan,8,6,Saturday,Weekend,No,Not applicable
20280109,2028,1,1,January,Jan,9,7,Sunday,Weekend,No,Not applicable
20280110,2028,1,1,January,Jan,10,1,Monday,Weekday,No,Not applicable
20280111,2028,1,1,January,Jan,11,2,Tuesday,Weekday,No,Not applicable
20280112,2028,1,1,January,Jan,12,3,Wednesday,Weekday,No,Not applicable
20280113,2028,1,1,January,Jan,13,4,Thursday,Weekday,No,Not applicable
20280114,2028,1,1,January,Jan,14,5,Friday,Weekday,No,Not applicable
20280115,2028,1,1,January,Jan,15,6,Saturday,Weekend,No,Not applicable
20280116,2028,1,1,January,Jan,16,7,Sunday,Weekend,No,Not applicable
20280117,2028,1,1,January,Jan,17,1,Monday,Weekday,No,Not applicable
20280118,2028,1,1,January,Jan,18,2,Tuesday,Weekday,No,Not applicable
20280119,2028,1,1,January,Jan,19,3,Wednesday,Weekday,No,Not applicable
20280120,2028,1,1,January,Jan,20,4,Thursday,Weekday,No,Not applicable
20280121,2028,1,1,January,Jan,21,5,Friday,Weekday,No,Not applicable
20280122,2028,1,1,January,Jan,22,6,Saturday,Weekend,No,Not applicable
20280123,2028,1,1,January,Jan,23,7,Sunday,Weekend,No,Not applicable
20280124,2028,1,1,January,Jan,24,1,Monday,Weekday,No,Not applicable
20280125,2028,1,1,January,Jan,25,2,Tuesday,Weekday,No,Not applicable
20280126,2028,1,1,January,Jan,26,3,Wednesday,Weekday,No,Not applicable
20280127,2028,1,1,January,Jan,27,4,Thursday,Weekday,No,Not applicable
20280128,2028,1,1,January,Jan,28,5,Friday,Weekday,No,Not applicable
20280129,2028,1,1,January,Jan,29,6,Saturday,Weekend,No,Not applicable
20280130,2028,1,1,January,Jan,30,7,Sunday,Weekend,No,Not applicable
20280131,2028,1,1,January,Jan,31,1,Monday,Weekday,No,Not applicable
20280201,2028,1,2,February,Feb,1,2,Tuesday,Weekday,No,Not applicable
20280202,2028,1,2,February,Feb,2,3,Wednesday,Weekday,No,Not applicable
20280203,2028,1,2,February,Feb,3,4,Thursday,Weekday,No,Not applicable
20280204,2028,1,2,February,Feb,4,5,Friday,Weekday,No,Not applicable
20280205,2028,1,2,February,Feb,5,6,Saturday,Weekend,No,Not applicable
20280206,2028,1,2,February,Feb,6,7,Sunday,Weekend,No,Not applicable
20280207,2028,1,2,February,Feb,7,1,Monday,Weekday,No,Not applicable
20280208,2028,1,2,February,Feb,8,2,Tuesday,Weekday,No,Not applicable
20280209,2028,1,2,February,Feb,9,3,Wednesday,Weekday,No,Not applicable
20280210,2028,1,2,February,Feb,10,4,Thursday,Weekday,No,Not applicable
20280211,2028,1,2,February,Feb,11,5,Friday,Weekday,No,Not applicable
20280212,2028,1,2,February,Feb,12,6,Saturday,Weekend,No,Not applicable
20280213,2028,1,2,February,Feb,13,7,Sunday,Weekend,No,Not applicable
20280214,2028,1,2,February,Feb,14,1,Monday,Weekday,No,Not applicable
20280215,2028,1,2,February,Feb,15,2,Tuesday,Weekday,No,Not applicable
20280216,2028,1,2,February,Feb,16,3,Wednesday,Weekday,No,Not applicable
20280217,2028,1,2,February,Feb,17,4,Thursday,Weekday,No,Not applicable
20280218,2028,1,2,February,Feb,18,5,Friday,Weekday,No,Not applicable
20280219,2028,1,2,February,Feb,19,6,Saturday,Weekend,No,Not applicable
20280220,2028,1,2,February,Feb,20,7,Sunday,Weekend,No,Not applicable
20280221,2028,1,2,February,Feb,21,1,Monday,Weekday,No,Not applicable
20280222,2028,1,2,February,Feb,22,2,Tuesday,Weekday,No,Not applicable
20280223,2028,1,2,February,Feb,23,3,Wednesday,Weekday,No,Not applicable
20280224,2028,1,2,February,Feb,24,4,Thursday,Weekday,No,Not applicable
20280225,2028,1,2,February,Feb,25,5,Friday,Weekday,No,Not applicable
20280226,2028,1,2,February,Feb,26,6,Saturday,Weekend,No,Not applicable
20280227,2028,1,2,February,Feb,27,7,Sunday,Weekend,No,Not applicable
20280228,2028,1,2,February,Feb,28,1,Monday,Weekday,No,Not applicable
20280229,2028,1,2,February,Feb,29,2,Tuesday,Weekday,No,Not applicable
20280301,2028,1,3,March,Mar,1,3,Wednesday,Weekday,No,Not applicable
20280302,2028,1,3,March,Mar,2,4,Thursday,Weekday,No,Not applicable
20280303,2028,1,3,March,Mar,3,5,Friday,Weekday,No,Not applicable
20280304,2028,1,3,March,Mar,4,6,Saturday,Weekend,No,Not applicable
20280305,2028,1,3,March,Mar,5,7,Sunday,Weekend,No,Not applicable
20280306,2028,1,3,March,Mar,6,1,Monday,Weekday,No,Not applicable
20280307,2028,1,3,March,Mar,7,2,Tuesday,Weekday,No,Not applicable
20280308,2028,1,3,March,Mar,8,3,Wednesday,Weekday,No,Not applicable
20280309,2028,1,3,March,Mar,9,4,Thursday,Weekday,No,Not applicable
20280310,2028,1,3,March,Mar,10,5,Friday,Weekday,No,Not applicable
20280311,2028,1,3,March,Mar,11,6,Saturday,Weekend,No,Not applicable
20280312,2028,1,3,March,Mar,12,7,Sunday,Weekend,No,Not applicable
20280313,2028,1,3,March,Mar,13,1,Monday,Weekday,No,Not applicable
20280314,2028,1,3,March,Mar,14,2,Tuesday,Weekday,No,Not applicable
20280315,2028,1,3,March,Mar,15,3,Wednesday,Weekday,No,Not applicable
20280316,2028,1,3,March,Mar,16,4,Thursday,Weekday,No,Not applicable
20280317,2028,1,3,March,Mar,17,5,Friday,Weekday,No,Not applicable
20280318,2028,1,3,March,Mar,18,6,Saturday,Weekend,No,Not applicable
20280319,2028,1,3,March,Mar,19,7,Sunday,Weekend,No,Not applicable
20280320,2028,1,3,March,Mar,20,1,Monday,Weekday,No,Not applicable
20280321,2028,1,3,March,Mar,21,2,Tuesday,Weekday,No,Not applicable
20280322,2028,1,3,March,Mar,22,3,Wednesday,Weekday,No,Not applicable
20280323,2028,1,3,March,Mar,23,4,Thursday,Weekday,No,Not applicable
20280324,2028,1,3,March,Mar,24,5,Friday,Weekday,No,Not applicable
20280325,2028,1,3,March,Mar,25,6,Saturday,Weekend,No,Not applicable
20280326,2028,1,3,March,Mar,26,7,Sunday,Weekend,No,Not applicable
20280327,2028,1,3,March,Mar,27,1,Monday,Weekday,No,Not applicable
20280328,2028,1,3,March,Mar,28,2,Tuesday,Weekday,No,Not applicable
20280329,2028,1,3,March,Mar,29,3,Wednesday,Weekday,No,Not applicable
20280330,2028,1,3,March,Mar,30,4,Thursday,Weekday,No,Not applicable
20280331,2028,1,3,March,Mar,31,5,Friday,Weekday,No,Not applicable
20280401,2028,2,4,April,Apr,1,6,Saturday,Weekend,No,Not applicable
20280402,2028,2,4,April,Apr,2,7,Sunday,Weekend,No,Not applicable
20280403,2028,2,4,April,Apr,3,1,Monday,Weekday,No,Not applicable
20280404,2028,2,4,April,Apr,4,2,Tuesday,Weekday,No,Not applicable
20280405,2028,2,4,April,Apr,5,3,Wednesday,Weekday,No,Not applicable
20280406,2028,2,4,April,Apr,6,4,Thursday,Weekday,No,Not applicable
20280407,2028,2,4,April,Apr,7,5,Friday,Weekday,No,Not applicable
20280408,2028,2,4,April,Apr,8,6,Saturday,Weekend,No,Not applicable
20280409,2028,2,4,April,Apr,9,7,Sunday,Weekend,No,Not applicable
20280410,2028,2,4,April,Apr,10,1,Monday,Weekday,No,Not applicable
20280411,2028,2,4,April,Apr,11,2,Tuesday,Weekday,No,Not applicable
20280412,2028,2,4,April,Apr,12,3,Wednesday,Weekday,No,Not applicable
20280413,2028,2,4,April,Apr,13,4,Thursday,Weekday,No,Not applicable
20280414,2028,2,4,April,Apr,14,5,Friday,Weekday,Yes,Good Friday
20280415,2028,2,4,April,Apr,15,6,Saturday,Weekend,No,Not applicable
20280416,2028,2,4,April,Apr,16,7,Sunday,Weekend,No,Not applicable
20280417,2028,2,4,April,Apr,17,1,Monday,Weekday,Yes,Easter Monday
20280418,2028,2,4,April,Apr,18,2,Tuesday,Weekday,No,Not applicable
20280419,2028,2,4,April,Apr,19,3,Wednesday,Weekday,No,Not applicable
20280420,2028,2,4,April,Apr,20,4,Thursday,Weekday,No,Not applicable
20280421,2028,2,4,April,Apr,21,5,Friday,Weekday,No,Not applicable
20280422,2028,2,4,April,Apr,22,6,Saturday,Weekend,No,Not applicable
20280423,2028,2,4,April,Apr,23,7,Sunday,Weekend,No,Not applicable
20280424,2028,2,4,April,Apr,24,1,Monday,Weekday,No,Not applicable
20280425,2028,2,4,April,Apr,25,2,Tuesday,Weekday,No,Not applicable
20280426,2028,2,4,April,Apr,26,3,Wednesday,Weekday,No,Not applicable
20280427,2028,2,4,April,Apr,27,4,Thursday,Weekday,No,Not applicable
20280428,2028,2,4,April,Apr,28,5,Friday,Weekday,No,Not applicable
20280429,2028,2,4,April,Apr,29,6,Saturday,Weekend,No,Not applicable
20280430,2028,2,4,April,Apr,30,7,Sunday,Weekend,No,Not applicable
20280501,2028,2,5,May,May,1,1,Monday,Weekday,Yes,Early May bank holiday
20280502,2028,2,5,May,May,2,2,Tuesday,Weekday,No,Not applicable
20280503,2028,2,5,May,May,3,3,Wednesday,Weekday,No,Not applicable
20280504,2028,2,5,May,May,4,4,Thursday,Weekday,No,Not applicable
20280505,2028,2,5,May,May,5,5,Friday,Weekday,No,Not applicable
20280506,2028,2,5,May,May,6,6,Saturday,Weekend,No,Not applicable
20280507,2028,2,5,May,May,7,7,Sunday,Weekend,No,Not applicable
20280508,2028,2,5,May,May,8,1,Monday,Weekday,No,Not applicable
20280509,2028,2,5,May,May,9,2,Tuesday,Weekday,No,Not applicable
20280510,2028,2,5,May,May,10,3,Wednesday,Weekday,No,Not applicable
20280511,2028,2,5,May,May,11,4,Thursday,Weekday,No,Not applicable
20280512,2028,2,5,May,May,12,5,Friday,Weekday,No,Not applicable
20280513,2028,2,5,May,May,13,6,Saturday,Weekend,No,Not applicable
20280514,2028,2,5,May,May,14,7,Sunday,Weekend,No,Not applicable
20280515,2028,2,5,May,May,15,1,Monday,Weekday,No,Not applicable
20280516,2028,2,5,May,May,16,2,Tuesday,Weekday,No,Not applicable
20280517,2028,2,5,May,May,17,3,Wednesday,Weekday,No,Not applicable
20280518,2028,2,5,May,May,18,4,Thursday,Weekday,No,Not applicable
20280519,2028,2,5,May,May,19,5,Friday,Weekday,No,Not applicable
20280520,2028,2,5,May,May,20,6,Saturday,Weekend,No,Not applicable
20280521,2028,2,5,May,May,21,7,Sunday,Weekend,No,Not applicable
20280522,2028,2,5,May,May,22,1,Monday,Weekday,No,Not applicable
20280523,2028,2,5,May,May,23,2,Tuesday,Weekday,No,Not applicable
20280524,2028,2,5,May,May,24,3,Wednesday,Weekday,No,Not applicable
20280525,2028,2,5,May,May,25,4,Thursday,Weekday,No,Not applicable
20280526,2028,2,5,May,May,26,5,Friday,Weekday,No,Not applicable
20280527,2028,2,5,May,May,27,6,Saturday,Weekend,No,Not applicable
20280528,2028,2,5,May,May,28,7,Sunday,Weekend,No,Not applicable
20280529,2028,2,5,May,May,29,1,Monday,Weekday,Yes,Spring bank holiday
20280530,2028,2,5,May,May,30,2,Tuesday,Weekday,No,Not applicable
20280531,2028,2,5,May,May,31,3,Wednesday,Weekday,No,Not applicable
20280601,2028,2,6,June,Jun,1,4,Thursday,Weekday,No,Not applicable
20280602,2028,2,6,June,Jun,2,5,Friday,Weekday,No,Not applicable
20280603,2028,2,6,June,Jun,3,6,Saturday,Weekend,No,Not applicable
20280604,2028,2,6,June,Jun,4,7,Sunday,Weekend,No,Not applicable
20280605,2028,2,6,June,Jun,5,1,Monday,Weekday,No,Not applicable
20280606,2028,2,6,June,Jun,6,2,Tuesday,Weekday,No,Not applicable
20280607,2028,2,6,June,Jun,7,3,Wednesday,Weekday,No,Not applicable
20280608,2028,2,6,June,Jun,8,4,Thursday,Weekday,No,Not applicable
20280609,2028,2,6,June,Jun,9,5,Friday,Weekday,No,Not applicable
20280610,2028,2,6,June,Jun,10,6,Saturday,Weekend,No,Not applicable
20280611,2028,2,6,June,Jun,11,7,Sunday,Weekend,No,Not applicable
20280612,2028,2,6,June,Jun,12,1,Monday,Weekday,No,Not applicable
20280613,2028,2,6,June,Jun,13,2,Tuesday,Weekday,No,Not applicable
20280614,2028,2,6,June,Jun,14,3,Wednesday,Weekday,No,Not applicable
20280615,2028,2,6,June,Jun,15,4,Thursday,Weekday,No,Not applicable
20280616,2028,2,6,June,Jun,16,5,Friday,Weekday,No,Not applicable
20280617,2028,2,6,June,Jun,17,6,Saturday,Weekend,No,Not applicable
20280618,2028,2,6,June,Jun,18,7,Sunday,Weekend,No,Not applicable
20280619,2028,2,6,June,Jun,19,1,Monday,Weekday,No,Not applicable
20280620,2028,2,6,June,Jun,20,2,Tuesday,Weekday,No,Not applicable
20280621,2028,2,6,June,Jun,21,3,Wednesday,Weekday,No,Not applicable
20280622,2028,2,6,June,Jun,22,4,Thursday,Weekday,No,Not applicable
20280623,2028,2,6,June,Jun,23,5,Friday,Weekday,No,Not applicable
20280624,2028,2,6,June,Jun,24,6,Saturday,Weekend,No,Not applicable
20280625,2028,2,6,June,Jun,25,7,Sunday,Weekend,No,Not applicable
20280626,2028,2,6,June,Jun,26,1,Monday,Weekday,No,Not applicable
20280627,2028,2,6,June,Jun,27,2,Tuesday,Weekday,No,Not applicable
20280628,2028,2,6,June,Jun,28,3,Wednesday,Weekday,No,Not applicable
20280629,2028,2,6,June,Jun,29,4,Thursday,Weekday,No,Not applicable
20280630,2028,2,6,June,Jun,30,5,Friday,Weekday,No,Not applicable
20280701,2028,3,7,July,Jul,1,6,Saturday,Weekend,No,Not applicable
20280702,2028,3,7,July,Jul,2,7,Sunday,Weekend,No,Not applicable
20280703,2028,3,7,July,Jul,3,1,Monday,Weekday,No,Not applicable
20280704,2028,3,7,July,Jul,4,2,Tuesday,Weekday,No,Not applicable
20280705,2028,3,7,July,Jul,5,3,Wednesday,Weekday,No,Not applicable
20280706,2028,3,7,July,Jul,6,4,Thursday,Weekday,No,Not applicable
20280707,2028,3,7,July,Jul,7,5,Friday,Weekday,No,Not applicable
20280708,2028,3,7,July,Jul,8,6,Saturday,Weekend,No,Not applicable
20280709,2028,3,7,July,Jul,9,7,Sunday,Weekend,No,Not applicable
20280710,2028,3,7,July,Jul,10,1,Monday,Weekday,No,Not applicable
20280711,2028,3,7,July,Jul,11,2,Tuesday,Weekday,No,Not applicable
20280712,2028,3,7,July,Jul,12,3,Wednesday,Weekday,No,Not applicable
20280713,2028,3,7,July,Jul,13,4,Thursday,Weekday,No,Not applicable
20280714,2028,3,7,July,Jul,14,5,Friday,Weekday,No,Not applicable
20280715,2028,3,7,July,Jul,15,6,Saturday,Weekend,No,Not applicable
20280716,2028,3,7,July,Jul,16,7,Sunday,Weekend,No,Not applicable
20280717,2028,3,7,July,Jul,17,1,Monday,Weekday,No,Not applicable
20280718,2028,3,7,July,Jul,18,2,Tuesday,Weekday,No,Not applicable
20280719,2028,3,7,July,Jul,19,3,Wednesday,Weekday,No,Not applicable
20280720,2028,3,7,July,Jul,20,4,Thursday,Weekday,No,Not applicable
20280721,2028,3,7,July,Jul,21,5,Friday,Weekday,No,Not applicable
20280722,2028,3,7,July,Jul,22,6,Saturday,Weekend,No,Not applicable
20280723,2028,3,7,July,Jul,23,7,Sunday,Weekend,No,Not applicable
20280724,2028,3,7,July,Jul,24,1,Monday,Weekday,No,Not applicable
20280725,2028,3,7,July,Jul,25,2,Tuesday,Weekday,No,Not applicable
20280726,2028,3,7,July,Jul,26,3,Wednesday,Weekday,No,Not applicable
20280727,2028,3,7,July,Jul,27,4,Thursday,Weekday,No,Not applicable
20280728,2028,3,7,July,Jul,28,5,Friday,Weekday,No,Not applicable
20280729,2028,3,7,July,Jul,29,6,Saturday,Weekend,No,Not applicable
20280730,2028,3,7,July,Jul,30,7,Sunday,Weekend,No,Not applicable
20280731,2028,3,7,July,Jul,31,1,Monday,Weekday,No,Not applicable
20280801,2028,3,8,August,Aug,1,2,Tuesday,Weekday,No,Not applicable
20280802,2028,3,8,August,Aug,2,3,Wednesday,Weekday,No,Not applicable
20280803,2028,3,8,August,Aug,3,4,Thursday,Weekday,No,Not applicable
20280804,2028,3,8,August,Aug,4,5,Friday,Weekday,No,Not applicable
20280805,2028,3,8,August,Aug,5,6,Saturday,Weekend,No,Not applicable
20280806,2028,3,8,August,Aug,6,7,Sunday,Weekend,No,Not applicable
20280807,2028,3,8,August,Aug,7,1,Monday,Weekday,No,Not applicable
20280808,2028,3,8,August,Aug,8,2,Tuesday,Weekday,No,Not applicable
20280809,2028,3,8,August,Aug,9,3,Wednesday,Weekday,No,Not applicable
20280810,2028,3,8,August,Aug,10,4,Thursday,Weekday,No,Not applicable
20280811,2028,3,8,August,Aug,11,5,Friday,Weekday,No,Not applicable
20280812,2028,3,8,August,Aug,12,6,Saturday,Weekend,No,Not applicable
20280813,2028,3,8,August,Aug,13,7,Sunday,Weekend,No,Not applicable
20280814,2028,3,8,August,Aug,14,1,Monday,Weekday,No,Not applicable
20280815,2028,3,8,August,Aug,15,2,Tuesday,Weekday,No,Not applicable
20280816,2028,3,8,August,Aug,16,3,Wednesday,Weekday,No,Not applicable
20280817,2028,3,8,August,Aug,17,4,Thursday,Weekday,No,Not applicable
20280818,2028,3,8,August,Aug,18,5,Friday,Weekday,No,Not applicable
20280819,2028,3,8,August,Aug,19,6,Saturday,Weekend,No,Not applicable
20280820,2028,3,8,August,Aug,20,7,Sunday,Weekend,No,Not applicable
20280821,2028,3,8,August,Aug,21,1,Monday,Weekday,No,Not applicable
20280822,2028,3,8,August,Aug,22,2,Tuesday,Weekday,No,Not applicable
20280823,2028,3,8,August,Aug,23,3,Wednesday,Weekday,No,Not applicable
20280824,2028,3,8,August,Aug,24,4,Thursday,Weekday,No,Not applicable
20280825,2028,3,8,August,Aug,25,5,Friday,Weekday,No,Not applicable
20280826,2028,3,8,August,Aug,26,6,Saturday,Weekend,No,Not applicable
20280827,2028,3,8,August,Aug,27,7,Sunday,Weekend,No,Not applicable
20280828,2028,3,8,August,Aug,28,1,Monday,Weekday,Yes,Summer bank holiday
20280829,2028,3,8,August,Aug,29,2,Tuesday,Weekday,No,Not applicable
20280830,2028,3,8,August,Aug,30,3,Wednesday,Weekday,No,Not applicable
20280831,2028,3,8,August,Aug,31,4,Thursday,Weekday,No,Not applicable
20280901,2028,3,9,September,Sep,1,5,Friday,Weekday,No,Not applicable
20280902,2028,3,9,September,Sep,2,6,Saturday,Weekend,No,Not applicable
20280903,2028,3,9,September,Sep,3,7,Sunday,Weekend,No,Not applicable
20280904,2028,3,9,September,Sep,4,1,Monday,Weekday,No,Not applicable
20280905,2028,3,9,September,Sep,5,2,Tuesday,Weekday,No,Not applicable
20280906,2028,3,9,September,Sep,6,3,Wednesday,Weekday,No,Not applicable
20280907,2028,3,9,September,Sep,7,4,Thursday,Weekday,No,Not applicable
20280908,2028,3,9,September,Sep,8,5,Friday,Weekday,No,Not applicable
20280909,2028,3,9,September,Sep,9,6,Saturday,Weekend,No,Not applicable
20280910,2028,3,9,September,Sep,10,7,Sunday,Weekend,No,Not applicable
20280911,2028,3,9,September,Sep,11,1,Monday,Weekday,No,Not applicable
20280912,2028,3,9,September,Sep,12,2,Tuesday,Weekday,No,Not applicable
20280913,2028,3,9,September,Sep,13,3,Wednesday,Weekday,No,Not applicable
20280914,2028,3,9,September,Sep,14,4,Thursday,Weekday,No,Not applicable
20280915,2028,3,9,September,Sep,15,5,Friday,Weekday,No,Not applicable
20280916,2028,3,9,September,Sep,16,6,Saturday,Weekend,No,Not applicable
20280917,2028,3,9,September,Sep,17,7,Sunday,Weekend,No,Not applicable
20280918,2028,3,9,September,Sep,18,1,Monday,Weekday,No,Not applicable
20280919,2028,3,9,September,Sep,19,2,Tuesday,Weekday,No,Not applicable
20280920,2028,3,9,September,Sep,20,3,Wednesday,Weekday,No,Not applicable
20280921,2028,3,9,September,Sep,21,4,Thursday,Weekday,No,Not applicable
20280922,2028,3,9,September,Sep,22,5,Friday,Weekday,No,Not applicable
20280923,2028,3,9,September,Sep,23,6,Saturday,Weekend,No,Not applicable
20280924,2028,3,9,September,Sep,24,7,Sunday,Weekend,No,Not applicable
20280925,2028,3,9,September,Sep,25,1,Monday,Weekday,No,Not applicable
20280926,2028,3,9,September,Sep,26,2,Tuesday,Weekday,No,Not applicable
20280927,2028,3,9,September,Sep,27,3,Wednesday,Weekday,No,Not applicable
20280928,2028,3,9,September,Sep,28,4,Thursday,Weekday,No,Not applicable
20280929,2028,3,9,September,Sep,29,5,Friday,Weekday,No,Not applicable
20280930,2028,3,9,September,Sep,30,6,Saturday,Weekend,No,Not applicable
20281001,2028,4,10,October,Oct,1,7,Sunday,Weekend,No,Not applicable
20281002,2028,4,10,October,Oct,2,1,Monday,Weekday,No,Not applicable
20281003,2028,4,10,October,Oct,3,2,Tuesday,Weekday,No,Not applicable
20281004,2028,4,10,October,Oct,4,3,Wednesday,Weekday,No,Not applicable
20281005,2028,4,10,October,Oct,5,4,Thursday,Weekday,No,Not applicable
20281006,2028,4,10,October,Oct,6,5,Friday,Weekday,No,Not applicable
20281007,2028,4,10,October,Oct,7,6,Saturday,Weekend,No,Not applicable
20281008,2028,4,10,October,Oct,8,7,Sunday,Weekend,No,Not applicable
20281009,2028,4,10,October,Oct,9,1,Monday,Weekday,No,Not applicable
20281010,2028,4,10,October,Oct,10,2,Tuesday,Weekday,No,Not applicable
20281011,2028,4,10,October,Oct,11,3,Wednesday,Weekday,No,Not applicable
20281012,2028,4,10,October,Oct,12,4,Thursday,Weekday,No,Not applicable
20281013,2028,4,10,October,Oct,13,5,Friday,Weekday,No,Not applicable
20281014,2028,4,10,October,Oct,14,6,Saturday,Weekend,No,Not applicable
20281015,2028,4,10,October,Oct,15,7,Sunday,Weekend,No,Not applicable
20281016,2028,4,10,October,Oct,16,1,Monday,Weekday,No,Not applicable
20281017,2028,4,10,October,Oct,17,2,Tuesday,Weekday,No,Not applicable
20281018,2028,4,10,October,Oct,18,3,Wednesday,Weekday,No,Not applicable
20281019,2028,4,10,October,Oct,19,4,Thursday,Weekday,No,Not applicable
20281020,2028,4,10,October,Oct,20,5,Friday,Weekday,No,Not applicable
20281021,2028,4,10,October,Oct,21,6,Saturday,Weekend,No,Not applicable
20281022,2028,4,10,October,Oct,22,7,Sunday,Weekend,No,Not applicable
20281023,2028,4,10,October,Oct,23,1,Monday,Weekday,No,Not applicable
20281024,2028,4,10,October,Oct,24,2,Tuesday,Weekday,No,Not applicable
20281025,2028,4,10,October,Oct,25,3,Wednesday,Weekday,No,Not applicable
20281026,2028,4,10,October,Oct,26,4,Thursday,Weekday,No,Not applicable
20281027,2028,4,10,October,Oct,27,5,Friday,Weekday,No,Not applicable
20281028,2028,4,10,October,Oct,28,6,Saturday,Weekend,No,Not applicable
20281029,2028,4,10,October,Oct,29,7,Sunday,Weekend,No,Not applicable
20281030,2028,4,10,October,Oct,30,1,Monday,Weekday,No,Not applicable
20281031,2028,4,10,October,Oct,31,2,Tuesday,Weekday,No,Not applicable
20281101,2028,4,11,November,Nov,1,3,Wednesday,Weekday,No,Not applicable
20281102,2028,4,11,November,Nov,2,4,Thursday,Weekday,No,Not applicable
20281103,2028,4,11,November,Nov,3,5,Friday,Weekday,No,Not applicable
20281104,2028,4,11,November,Nov,4,6,Saturday,Weekend,No,Not applicable
20281105,2028,4,11,November,Nov,5,7,Sunday,Weekend,No,Not applicable
20281106,2028,4,11,November,Nov,6,1,Monday,Weekday,No,Not applicable
20281107,2028,4,11,November,Nov,7,2,Tuesday,Weekday,No,Not applicable
20281108,2028,4,11,November,Nov,8,3,Wednesday,Weekday,No,Not applicable
20281109,2028,4,11,November,Nov,9,4,Thursday,Weekday,No,Not applicable
20281110,2028,4,11,November,Nov,10,5,Friday,Weekday,No,Not applicable
20281111,2028,4,11,November,Nov,11,6,Saturday,Weekend,No,Not applicable
20281112,2028,4,11,November,Nov,12,7,Sunday,Weekend,No,Not applicable
20281113,2028,4,11,November,Nov,13,1,Monday,Weekday,No,Not applicable
20281114,2028,4,11,November,Nov,14,2,Tuesday,Weekday,No,Not applicable
20281115,2028,4,11,November,Nov,15,3,Wednesday,Weekday,No,Not applicable
20281116,2028,4,11,November,Nov,16,4,Thursday,Weekday,No,Not applicable
20281117,2028,4,11,November,Nov,17,5,Friday,Weekday,No,Not applicable
20281118,2028,4,11,November,Nov,18,6,Saturday,Weekend,No,Not applicable
20281119,2028,4,11,November,Nov,19,7,Sunday,Weekend,No,Not applicable
20281120,2028,4,11,November,Nov,20,1,Monday,Weekday,No,Not applicable
20281121,2028,4,11,November,Nov,21,2,Tuesday,Weekday,No,Not applicable
20281122,2028,4,11,November,Nov,22,3,Wednesday,Weekday,No,Not applicable
20281123,2028,4,11,November,Nov,23,4,Thursday,Weekday,No,Not applicable
20281124,2028,4,11,November,Nov,24,5,Friday,Weekday,No,Not applicable
20281125,2028,4,11,November,Nov,25,6,Saturday,Weekend,No,Not applicable
20281126,2028,4,11,November,Nov,26,7,Sunday,Weekend,No,Not applicable
20281127,2028,4,11,November,Nov,27,1,Monday,Weekday,No,Not applicable
20281128,2028,4,11,November,Nov,28,2,Tuesday,Weekday,No,Not applicable
20281129,2028,4,11,November,Nov,29,3,Wednesday,Weekday,No,Not applicable
20281130,2028,4,11,November,Nov,30,4,Thursday,Weekday,No,Not applicable
20281201,2028,4,12,December,Dec,1,5,Friday,Weekday,No,Not applicable
20281202,2028,4,12,December,Dec,2,6,Saturday,Weekend,No,Not applicable
20281203,2028,4,12,December,Dec,3,7,Sunday,Weekend,No,Not applicable
20281204,2028,4,12,December,Dec,4,1,Monday,Weekday,No,Not applicable
20281205,2028,4,12,December,Dec,5,2,Tuesday,Weekday,No,Not applicable
20281206,2028,4,12,December,Dec,6,3,Wednesday,Weekday,No,Not applicable
20281207,2028,4,12,December,Dec,7,4,Thursday,Weekday,No,Not applicable
20281208,2028,4,12,December,Dec,8,5,Friday,Weekday,No,Not applicable
20281209,2028,4,12,December,Dec,9,6,Saturday,Weekend,No,Not applicable
20281210,2028,4,12,December,Dec,10,7,Sunday,Weekend,No,Not applicable
20281211,2028,4,12,December,Dec,11,1,Monday,Weekday,No,Not applicable
20281212,2028,4,12,December,Dec,12,2,Tuesday,Weekday,No,Not applicable
20281213,2028,4,12,December,Dec,13,3,Wednesday,Weekday,No,Not applicable
20281214,2028,4,12,December,Dec,14,4,Thursday,Weekday,No,Not applicable
20281215,2028,4,12,December,Dec,15,5,Friday,Weekday,No,Not applicable
20281216,2028,4,12,December,Dec,16,6,Saturday,Weekend,No,Not applicable
20281217,2028,4,12,December,Dec,17,7,Sunday,Weekend,No,Not applicable
20281218,2028,4,12,December,Dec,18,1,Monday,Weekday,No,Not applicable
20281219,2028,4,12,December,Dec,19,2,Tuesday,Weekday,No,Not applicable
20281220,2028,4,12,December,Dec,20,3,Wednesday,Weekday,No,Not applicable
20281221,2028,4,12,December,Dec,21,4,Thursday,Weekday,No,Not applicable
20281222,2028,4,12,December,Dec,22,5,Friday,Weekday,No,Not applicable
20281223,2028,4,12,December,Dec,23,6,Saturday,Weekend,No,Not applicable
20281224,2028,4,12,December,Dec,24,7,Sunday,Weekend,No,Not applicable
20281225,2028,4,12,December,Dec,25,1,Monday,Weekday,Yes,Christmas Day
20281226,2028,4,12,December,Dec,26,2,Tuesday,Weekday,Yes,Boxing Day
20281227,2028,4,12,December,Dec,27,3,Wednesday,Weekday,No,Not applicable
20281228,2028,4,12,December,Dec,28,4,Thursday,Weekday,No,Not applicable
20281229,2028,4,12,December,Dec,29,5,Friday,Weekday,No,Not applicable
20281230,2028,4,12,December,Dec,30,6,Saturday,Weekend,No,Not applicable
20281231,2028,4,12,December,Dec,31,7,Sunday,Weekend,No,Not applicable
